img_path,text
./test/test_00001.png,도코
./test/test_00002.png,규카츠
./test/test_00003.png,바
./test/test_00004.png,풍경
./test/test_00005.png,덕천고학교
./test/test_00006.png,로림노인요양원
./test/test_00007.png,민우리 격축사무소소
./test/test_00008.png,배꿈시계
./test/test_00009.png,의원
./test/test_00010.png,소주
./test/test_00011.png,신선육 되내신
./test/test_00012.png,피로와라전 전럽 
./test/test_00013.png,수족관
./test/test_00014.png,네
./test/test_00015.png,고
./test/test_00016.png,성원유리가공사
./test/test_00017.png,다정
./test/test_00018.png,미용실
./test/test_00019.png,왕배화로
./test/test_00020.png,시카고 뽑
./test/test_00021.png,가윤바연관
./test/test_00022.png,제인내
./test/test_00023.png,래성헤어
./test/test_00024.png,분티아카카드
./test/test_00025.png,홀리데이
./test/test_00026.png,실사현수막
./test/test_00027.png,유객주
./test/test_00028.png,식당가
./test/test_00029.png,편의시설
./test/test_00030.png,라유교의의
./test/test_00031.png,제형관리
./test/test_00032.png,세아타워
./test/test_00033.png,제코 푸생백주문전문점
./test/test_00034.png,가의학원
./test/test_00035.png,테크노스
./test/test_00036.png,뉴개슬호텔텔
./test/test_00037.png,공감
./test/test_00038.png,집밥
./test/test_00039.png,표
./test/test_00040.png,차
./test/test_00041.png,퀸즈러어
./test/test_00042.png,정동과프
./test/test_00043.png,메이드라
./test/test_00044.png,뼈다귀탕
./test/test_00045.png,배여사
./test/test_00046.png,둘리 분식
./test/test_00047.png,미러바바클솔클럽
./test/test_00048.png,먹어라
./test/test_00049.png,구워라
./test/test_00050.png,삼성품라과
./test/test_00051.png,공인중개사
./test/test_00052.png,사무소
./test/test_00053.png,효도마을 요의원
./test/test_00054.png,프라임 리빙텔
./test/test_00055.png,셀프사진관
./test/test_00056.png,국제
./test/test_00057.png,제과제방
./test/test_00058.png,학원
./test/test_00059.png,수원가정법원
./test/test_00060.png,치피하우스
./test/test_00061.png,신우엠엠스
./test/test_00062.png,부무한의원
./test/test_00063.png,네일하오
./test/test_00064.png,페인트
./test/test_00065.png,머리
./test/test_00066.png,해봄
./test/test_00067.png,미래한의원
./test/test_00068.png,누에보
./test/test_00069.png,현대부동산
./test/test_00070.png,더앙싱
./test/test_00071.png,나들차계피식
./test/test_00072.png,풍경채
./test/test_00073.png,만레라의
./test/test_00074.png,대한특당상럽
./test/test_00075.png,한빛학원
./test/test_00076.png,당구
./test/test_00077.png,한양
./test/test_00078.png,계란말이
./test/test_00079.png,사의라는
./test/test_00080.png,귀
./test/test_00081.png,아남
./test/test_00082.png,타짜
./test/test_00083.png,용인소방서
./test/test_00084.png,잘생긴
./test/test_00085.png,촬영으로
./test/test_00086.png,자연치과
./test/test_00087.png,국수나무
./test/test_00088.png,홍복물회
./test/test_00089.png,정직한이름
./test/test_00090.png,맘모스문구
./test/test_00091.png,에어시크
./test/test_00092.png,전기구이
./test/test_00093.png,한량통
./test/test_00094.png,닭
./test/test_00095.png,필송반송
./test/test_00096.png,하나인력
./test/test_00097.png,달콤샘
./test/test_00098.png,독서논술
./test/test_00099.png,슈퍼 올리브영
./test/test_00100.png,전용주차장
./test/test_00101.png,뮤엠영어
./test/test_00102.png,신동백 크크랜몰 
./test/test_00103.png,종합
./test/test_00104.png,전기
./test/test_00105.png,선한
./test/test_00106.png,약국
./test/test_00107.png,주택청약
./test/test_00108.png,종합저축
./test/test_00109.png,빅사이즈
./test/test_00110.png,짚시품
./test/test_00111.png,악세사리
./test/test_00112.png,외지
./test/test_00113.png,위험 고않스스
./test/test_00114.png,화기업금
./test/test_00115.png,풍
./test/test_00116.png,속마을
./test/test_00117.png,양갈비
./test/test_00118.png,각종요리
./test/test_00119.png,교환
./test/test_00120.png,수성실리콘
./test/test_00121.png,라벨
./test/test_00122.png,생기는
./test/test_00123.png,족욕
./test/test_00124.png,본베이
./test/test_00125.png,기분
./test/test_00126.png,프
./test/test_00127.png,또는미역
./test/test_00128.png,죽을듯이
./test/test_00129.png,국가자격중
./test/test_00130.png,죽전고
./test/test_00131.png,디마리
./test/test_00132.png,영양
./test/test_00133.png,세사디방
./test/test_00134.png,가네
./test/test_00135.png,짝빡
./test/test_00136.png,메가타은
./test/test_00137.png,이브자리
./test/test_00138.png,콩짝
./test/test_00139.png,쭈꾸미 철판
./test/test_00140.png,영광
./test/test_00141.png,에비뉴 헤어
./test/test_00142.png,키스
./test/test_00143.png,끼
./test/test_00144.png,선화네
./test/test_00145.png,속예천불
./test/test_00146.png,우수쿠
./test/test_00147.png,태전마트
./test/test_00148.png,청에
./test/test_00149.png,조곡한의원
./test/test_00150.png,약가는
./test/test_00151.png,황손부상상터실
./test/test_00152.png,니즈 또
./test/test_00153.png,부경향메니
./test/test_00154.png,마마식당
./test/test_00155.png,헤어 로로
./test/test_00156.png,우리 집
./test/test_00157.png,락승
./test/test_00158.png,피자
./test/test_00159.png,쉼터
./test/test_00160.png,원편지
./test/test_00161.png,목상
./test/test_00162.png,노래
./test/test_00163.png,연습장
./test/test_00164.png,루
./test/test_00165.png,칠보당
./test/test_00166.png,새롬학원
./test/test_00167.png,브라더
./test/test_00168.png,화배기
./test/test_00169.png,부동산
./test/test_00170.png,재월
./test/test_00171.png,엄마 합밥집
./test/test_00172.png,크림당
./test/test_00173.png,카페
./test/test_00174.png,스튜디오
./test/test_00175.png,세롬생상상사
./test/test_00176.png,여자들 세
./test/test_00177.png,오시랑
./test/test_00178.png,전물
./test/test_00179.png,가야금
./test/test_00180.png,드림빌딩
./test/test_00181.png,한국일보
./test/test_00182.png,알뜰폰
./test/test_00183.png,러브 러브
./test/test_00184.png,온유헤어
./test/test_00185.png,한양클브
./test/test_00186.png,화이트치킨
./test/test_00187.png,이프
./test/test_00188.png,다원빌
./test/test_00189.png,김선영합
./test/test_00190.png,태성
./test/test_00191.png,시 빌 
./test/test_00192.png,세종시엠에스
./test/test_00193.png,해드리하우
./test/test_00194.png,다나
./test/test_00195.png,전민마트
./test/test_00196.png,반인
./test/test_00197.png,크로스벌전전문식
./test/test_00198.png,수민이
./test/test_00199.png,타
./test/test_00200.png,기베
./test/test_00201.png,노래실
./test/test_00202.png,원컴퓨터
./test/test_00203.png,모바일
./test/test_00204.png,유성닭발
./test/test_00205.png,백그릇
./test/test_00206.png,버닝헤어
./test/test_00207.png,귀족
./test/test_00208.png,보리밥
./test/test_00209.png,한소당 발발
./test/test_00210.png,택고
./test/test_00211.png,뷰티
./test/test_00212.png,우턱화
./test/test_00213.png,희망발
./test/test_00214.png,니드 네일
./test/test_00215.png,나우라
./test/test_00216.png,리프
./test/test_00217.png,청신종합협주빙
./test/test_00218.png,코코
./test/test_00219.png,식당
./test/test_00220.png,가위와부분
./test/test_00221.png,뼈다
./test/test_00222.png,시간
./test/test_00223.png,튀능
./test/test_00224.png,타다시
./test/test_00225.png,수창고
./test/test_00226.png,보성빌
./test/test_00227.png,주경빌라
./test/test_00228.png,다돼지
./test/test_00229.png,태합로
./test/test_00230.png,악손
./test/test_00231.png,졸 졸트
./test/test_00232.png,창곱
./test/test_00233.png,헤어샵
./test/test_00234.png,아름다운
./test/test_00235.png,과학연구
./test/test_00236.png,붐비아
./test/test_00237.png,헤어
./test/test_00238.png,골목미장원
./test/test_00239.png,초립동
./test/test_00240.png,실내포차
./test/test_00241.png,식당
./test/test_00242.png,잠잠집스
./test/test_00243.png,꼬리짐
./test/test_00244.png,중앙기계상회
./test/test_00245.png,박미선우우리
./test/test_00246.png,한부공방
./test/test_00247.png,노아
./test/test_00248.png,신명건축국사
./test/test_00249.png,사무소
./test/test_00250.png,애얼클속
./test/test_00251.png,메이봄
./test/test_00252.png,브로우
./test/test_00253.png,약
./test/test_00254.png,다정
./test/test_00255.png,온누리약국
./test/test_00256.png,홍치수
./test/test_00257.png,에스테틱
./test/test_00258.png,경촌한방병원원
./test/test_00259.png,자인나
./test/test_00260.png,바디샵
./test/test_00261.png,부동산
./test/test_00262.png,가부산약국
./test/test_00263.png,루마약국점업점함점
./test/test_00264.png,때깔
./test/test_00265.png,경호
./test/test_00266.png,태권도
./test/test_00267.png,설렁탕
./test/test_00268.png,갈비탕
./test/test_00269.png,연동
./test/test_00270.png,꼬구
./test/test_00271.png,남베산
./test/test_00272.png,청터구당
./test/test_00273.png,신정
./test/test_00274.png,닭말
./test/test_00275.png,미용지료
./test/test_00276.png,재즈
./test/test_00277.png,가라오
./test/test_00278.png,구
./test/test_00279.png,약
./test/test_00280.png,중축가 구자점녀
./test/test_00281.png,센트럴
./test/test_00282.png,중앙
./test/test_00283.png,부동산
./test/test_00284.png,마음수련
./test/test_00285.png,해법아
./test/test_00286.png,이
./test/test_00287.png,이랑공방
./test/test_00288.png,선로목곡장
./test/test_00289.png,도장
./test/test_00290.png,명동
./test/test_00291.png,미용실
./test/test_00292.png,성실
./test/test_00293.png,세탁소
./test/test_00294.png,공주시
./test/test_00295.png,태권도
./test/test_00296.png,협회
./test/test_00297.png,코마
./test/test_00298.png,코끼리의
./test/test_00299.png,미술가랑
./test/test_00300.png,투투
./test/test_00301.png,컴퓨터
./test/test_00302.png,세탁소
./test/test_00303.png,세호
./test/test_00304.png,함석
./test/test_00305.png,성치박라
./test/test_00306.png,한성
./test/test_00307.png,칼국수
./test/test_00308.png,과일손스덤
./test/test_00309.png,설일할
./test/test_00310.png,일부동산
./test/test_00311.png,안냥과자점
./test/test_00312.png,판타이
./test/test_00313.png,아로이 막짝
./test/test_00314.png,나드리
./test/test_00315.png,헤어
./test/test_00316.png,삼실마트
./test/test_00317.png,수색
./test/test_00318.png,연세치과
./test/test_00319.png,만돈
./test/test_00320.png,신외존
./test/test_00321.png,부대
./test/test_00322.png,찌개
./test/test_00323.png,우몸
./test/test_00324.png,애전용품
./test/test_00325.png,바이지안
./test/test_00326.png,술장피어싱
./test/test_00327.png,리즈
./test/test_00328.png,에스테틱
./test/test_00329.png,포마드
./test/test_00330.png,피서
./test/test_00331.png,꽃
./test/test_00332.png,한국
./test/test_00333.png,산성청지수타함함
./test/test_00334.png,메모리테의
./test/test_00335.png,손밥
./test/test_00336.png,막걸리
./test/test_00337.png,안철현세무사
./test/test_00338.png,미용실
./test/test_00339.png,에젠
./test/test_00340.png,만화
./test/test_00341.png,청소
./test/test_00342.png,안식우페
./test/test_00343.png,부동산
./test/test_00344.png,아빠 길
./test/test_00345.png,마늘리
./test/test_00346.png,단 주점
./test/test_00347.png,누수탐지
./test/test_00348.png,수도공사
./test/test_00349.png,은혜
./test/test_00350.png,실버타은
./test/test_00351.png,명진
./test/test_00352.png,부동산
./test/test_00353.png,한솔병상
./test/test_00354.png,서군
./test/test_00355.png,맥주
./test/test_00356.png,유원지
./test/test_00357.png,노래
./test/test_00358.png,연습장
./test/test_00359.png,이화성
./test/test_00360.png,분동석유
./test/test_00361.png,새벽별교회
./test/test_00362.png,아리은
./test/test_00363.png,범레엔공장업
./test/test_00364.png,효자
./test/test_00365.png,부동산
./test/test_00366.png,홍
./test/test_00367.png,호텔레스
./test/test_00368.png,별강
./test/test_00369.png,요양원
./test/test_00370.png,잔따르고
./test/test_00371.png,미래
./test/test_00372.png,탑
./test/test_00373.png,학원
./test/test_00374.png,원통역
./test/test_00375.png,부동산
./test/test_00376.png,동문
./test/test_00377.png,낙완
./test/test_00378.png,중앙
./test/test_00379.png,부동산
./test/test_00380.png,이층
./test/test_00381.png,그리고
./test/test_00382.png,맥주
./test/test_00383.png,초밥
./test/test_00384.png,회
./test/test_00385.png,쌀거탕
./test/test_00386.png,가게
./test/test_00387.png,노리
./test/test_00388.png,더헤어
./test/test_00389.png,유직 통디원
./test/test_00390.png,음악연습실
./test/test_00391.png,우리
./test/test_00392.png,비닐
./test/test_00393.png,포장
./test/test_00394.png,노래방
./test/test_00395.png,산수
./test/test_00396.png,부동산
./test/test_00397.png,치과
./test/test_00398.png,이마트
./test/test_00399.png,편의점
./test/test_00400.png,허브
./test/test_00401.png,부동산
./test/test_00402.png,골트
./test/test_00403.png,클
./test/test_00404.png,영업중
./test/test_00405.png,른반가교문자
./test/test_00406.png,휴가림악식식
./test/test_00407.png,차이 디대디
./test/test_00408.png,아이
./test/test_00409.png,짧
./test/test_00410.png,방
./test/test_00411.png,미스터
./test/test_00412.png,보쌈
./test/test_00413.png,대물노래래업운단
./test/test_00414.png,양양
./test/test_00415.png,분식
./test/test_00416.png,명문
./test/test_00417.png,부동산
./test/test_00418.png,솔정요리라원
./test/test_00419.png,조이나스
./test/test_00420.png,율포유
./test/test_00421.png,칼리수
./test/test_00422.png,윤나
./test/test_00423.png,노리다
./test/test_00424.png,오페라
./test/test_00425.png,노래클업
./test/test_00426.png,비비오
./test/test_00427.png,네일
./test/test_00428.png,일미리
./test/test_00429.png,금계정달
./test/test_00430.png,자미한
./test/test_00431.png,자다른합교회
./test/test_00432.png,뜻살장대관
./test/test_00433.png,축구레슨
./test/test_00434.png,흙
./test/test_00435.png,대
./test/test_00436.png,돈부리
./test/test_00437.png,리치빌
./test/test_00438.png,김수동 세무사
./test/test_00439.png,보스세탁
./test/test_00440.png,식당
./test/test_00441.png,서산
./test/test_00442.png,노래방
./test/test_00443.png,냉큐
./test/test_00444.png,수지누들
./test/test_00445.png,다인약국
./test/test_00446.png,대
./test/test_00447.png,자작나무무
./test/test_00448.png,창  양은
./test/test_00449.png,컴사이
./test/test_00450.png,용기 기기
./test/test_00451.png,네일
./test/test_00452.png,손발공주
./test/test_00453.png,효성
./test/test_00454.png,어림이찰
./test/test_00455.png,수진네
./test/test_00456.png,우리 연국
./test/test_00457.png,김정현
./test/test_00458.png,법무사
./test/test_00459.png,현주가방
./test/test_00460.png,코이라멘
./test/test_00461.png,헤어뮤즈
./test/test_00462.png,모 남대대
./test/test_00463.png,링추점닭
./test/test_00464.png,제이엠헤어
./test/test_00465.png,한거노
./test/test_00467.png,광장
./test/test_00468.png,참치초밥
./test/test_00469.png,전문점
./test/test_00470.png,해우
./test/test_00471.png,세종내과
./test/test_00472.png,추억애
./test/test_00473.png,화마라
./test/test_00474.png,동일
./test/test_00475.png,유리
./test/test_00476.png,세탁소
./test/test_00477.png,올량올당
./test/test_00478.png,마카롱
./test/test_00479.png,해법
./test/test_00480.png,새롬어학원
./test/test_00481.png,정가내
./test/test_00482.png,목표
./test/test_00483.png,횟집
./test/test_00484.png,계론문화
./test/test_00485.png,인데코
./test/test_00486.png,초원아트
./test/test_00487.png,비들빌라
./test/test_00488.png,장어잔치
./test/test_00489.png,플라워부
./test/test_00490.png,위드
./test/test_00491.png,태가나헤어
./test/test_00492.png,유성닭발
./test/test_00493.png,수정교회
./test/test_00494.png,굿모닝발
./test/test_00495.png,운수대통
./test/test_00496.png,플라리스
./test/test_00497.png,누리숲
./test/test_00498.png,어린이집
./test/test_00499.png,노텅일
./test/test_00500.png,디성벌
./test/test_00501.png,라이
./test/test_00502.png,바꾸다
./test/test_00503.png,카카오텔
./test/test_00504.png,책
./test/test_00505.png,카레식당
./test/test_00506.png,맛들
./test/test_00507.png,발사링
./test/test_00508.png,링물
./test/test_00509.png,한식
./test/test_00510.png,대화
./test/test_00511.png,미시 
./test/test_00512.png,영주
./test/test_00513.png,해물물
./test/test_00514.png,만나학은
./test/test_00515.png,김허본가
./test/test_00516.png,퓨뼈생피브점
./test/test_00517.png,오스가 주일라
./test/test_00518.png,미얼생
./test/test_00519.png,나들래
./test/test_00520.png,함타스테아크
./test/test_00521.png,아름다운날
./test/test_00522.png,소아과
./test/test_00523.png,내과
./test/test_00524.png,레고 업생곡 사 
./test/test_00525.png,생사랑 어로니조
./test/test_00526.png,아름동물병원
./test/test_00527.png,이미지작
./test/test_00528.png,사진관
./test/test_00529.png,모텔
./test/test_00530.png,길성
./test/test_00531.png,강교이용의
./test/test_00532.png,경화율렉산
./test/test_00533.png,공간장식
./test/test_00534.png,청소년휘피전터
./test/test_00535.png,대전공역사
./test/test_00536.png,스스메트
./test/test_00537.png,지유명자
./test/test_00538.png,엔 토
./test/test_00539.png,동제와국
./test/test_00540.png,대전극장
./test/test_00541.png,대흥순퍼
./test/test_00542.png,인디안광고
./test/test_00543.png,보원산
./test/test_00544.png,호랑이
./test/test_00545.png,여행이
./test/test_00546.png,필요한
./test/test_00547.png,시간
./test/test_00548.png,북촌
./test/test_00549.png,제빵소
./test/test_00550.png,통계청
./test/test_00551.png,청주사무소
./test/test_00552.png,옥천분사
./test/test_00553.png,피아노조울
./test/test_00554.png,중고매입
./test/test_00555.png,일세
./test/test_00556.png,돼지왕갈비
./test/test_00557.png,양념소갈비
./test/test_00558.png,돼지오겹살
./test/test_00559.png,정성
./test/test_00560.png,종합수선
./test/test_00561.png,구두
./test/test_00562.png,가방
./test/test_00563.png,정성을
./test/test_00564.png,다하겠습니다
./test/test_00565.png,포장 전문
./test/test_00566.png,일들양대
./test/test_00567.png,향라육술덮밥
./test/test_00568.png,잡채옆밥
./test/test_00569.png,야채복음면
./test/test_00570.png,고일학원원
./test/test_00571.png,전보일스
./test/test_00572.png,개울까
./test/test_00573.png,일프빌리밥
./test/test_00574.png,어학원수
./test/test_00575.png,칼국수
./test/test_00576.png,돼지
./test/test_00577.png,자브샤브
./test/test_00578.png,해월궁
./test/test_00579.png,사주
./test/test_00580.png,아파트
./test/test_00581.png,용두임
./test/test_00582.png,전구학원
./test/test_00583.png,교육
./test/test_00584.png,우리공방
./test/test_00585.png,한지공예
./test/test_00586.png,손뜨개 전문
./test/test_00587.png,전산용품
./test/test_00588.png,소와기
./test/test_00589.png,판매
./test/test_00590.png,철레
./test/test_00591.png,전회
./test/test_00592.png,아날로그 주수의회
./test/test_00593.png,대표
./test/test_00594.png,리안
./test/test_00595.png,헤어
./test/test_00596.png,네비
./test/test_00597.png,언더코링
./test/test_00598.png,복원
./test/test_00599.png,판금
./test/test_00600.png,도색
./test/test_00601.png,제거
./test/test_00602.png,로얄
./test/test_00603.png,이장
./test/test_00604.png,스타키
./test/test_00605.png,임대
./test/test_00606.png,해물점
./test/test_00607.png,아구장
./test/test_00608.png,황태탕
./test/test_00609.png,태평양해물점
./test/test_00610.png,토지
./test/test_00611.png,다가구
./test/test_00612.png,전세
./test/test_00613.png,월세
./test/test_00614.png,매매
./test/test_00615.png,임대
./test/test_00616.png,태국마사지
./test/test_00617.png,곧의원
./test/test_00618.png,앓기
./test/test_00619.png,노래연습장
./test/test_00620.png,할리노래연업장수
./test/test_00621.png,동성
./test/test_00622.png,제일동신
./test/test_00623.png,신규가입
./test/test_00624.png,남양알안에인
./test/test_00625.png,힐링
./test/test_00626.png,골드
./test/test_00627.png,태국마사지
./test/test_00628.png,시간
./test/test_00629.png,애견교배
./test/test_00630.png,콘서트
./test/test_00631.png,헤어
./test/test_00632.png,일반구상
./test/test_00633.png,나라
./test/test_00634.png,맛집
./test/test_00635.png,맥주
./test/test_00636.png,김년일치과과
./test/test_00637.png,파라타이라
./test/test_00638.png,노래
./test/test_00639.png,주점
./test/test_00640.png,여권사진
./test/test_00641.png,커피
./test/test_00642.png,고짓집
./test/test_00643.png,전국
./test/test_00644.png,닭발
./test/test_00645.png,공학원
./test/test_00646.png,보쌈정식
./test/test_00647.png,맛보기모담
./test/test_00648.png,매운은피지겁책볶음
./test/test_00649.png,토종순대
./test/test_00650.png,머리고기
./test/test_00651.png,할 모 
./test/test_00652.png,뼈 자장
./test/test_00653.png,소대장철판볶음
./test/test_00654.png,매문도피접점국을
./test/test_00655.png,머리고기
./test/test_00656.png,당꾸언업
./test/test_00657.png,토토
./test/test_00658.png,조점렌즈
./test/test_00659.png,대박의류
./test/test_00660.png,빌라
./test/test_00661.png,상가
./test/test_00662.png,업시
./test/test_00663.png,전시
./test/test_00664.png,사무소
./test/test_00665.png,라이브
./test/test_00666.png,오아시스
./test/test_00667.png,유리민런 청스탕 램
./test/test_00668.png,약국
./test/test_00669.png,치과
./test/test_00670.png,로레이
./test/test_00671.png,약구집
./test/test_00672.png,고예어
./test/test_00673.png,중구학원
./test/test_00674.png,도구
./test/test_00675.png,는구달
./test/test_00676.png,일장노래테
./test/test_00677.png,미족원
./test/test_00678.png,카피집
./test/test_00679.png,메트남국국수
./test/test_00680.png,수슈교미
./test/test_00681.png,연장
./test/test_00682.png,상가
./test/test_00683.png,주택
./test/test_00684.png,원룸
./test/test_00685.png,컨설팅
./test/test_00686.png,고화
./test/test_00687.png,돌솔발
./test/test_00688.png,건축상담
./test/test_00689.png,대표가
./test/test_00690.png,박사쉬 수라라라
./test/test_00691.png,메산터일의
./test/test_00692.png,두배고기
./test/test_00693.png,춘
./test/test_00694.png,동
./test/test_00695.png,강남역예에 별
./test/test_00696.png,사진관
./test/test_00697.png,야사
./test/test_00698.png,메탁
./test/test_00699.png,일등
./test/test_00700.png,루썸왁싱
./test/test_00701.png,페이스
./test/test_00702.png,다리 전체
./test/test_00703.png,브라질리언
./test/test_00704.png,은무용
./test/test_00705.png,라메루드
./test/test_00706.png,클로
./test/test_00707.png,정산교회
./test/test_00708.png,손마수우수
./test/test_00709.png,범기
./test/test_00710.png,부동산
./test/test_00711.png,분의는
./test/test_00712.png,위너스
./test/test_00713.png,렌스스포츠
./test/test_00714.png,스튜디오
./test/test_00715.png,반성 교교업
./test/test_00716.png,사동언회회
./test/test_00717.png,안국양님빌
./test/test_00718.png,우향
./test/test_00719.png,주앤디
./test/test_00720.png,금지
./test/test_00721.png,앵프
./test/test_00722.png,설치
./test/test_00723.png,전사동합장회
./test/test_00724.png,관디
./test/test_00725.png,삼겹살
./test/test_00726.png,돼지
./test/test_00727.png,건른순 국숙수녀메
./test/test_00728.png,토니
./test/test_00729.png,멀드 킨리
./test/test_00730.png,명장사
./test/test_00731.png,클수전
./test/test_00732.png,점심
./test/test_00733.png,메뉴
./test/test_00734.png,친판
./test/test_00735.png,친구
./test/test_00736.png,대림건국국가
./test/test_00737.png,임대
./test/test_00738.png,층
./test/test_00739.png,은고은건건자수함장
./test/test_00740.png,초대 쾌 수는함
./test/test_00741.png,목범라메홀원방
./test/test_00742.png,두리본세요
./test/test_00743.png,비
./test/test_00744.png,꼴
./test/test_00745.png,션
./test/test_00746.png,흑인
./test/test_00747.png,문제
./test/test_00748.png,풍기
./test/test_00749.png,인건
./test/test_00750.png,만도
./test/test_00751.png,카센타
./test/test_00752.png,중자
./test/test_00753.png,가
./test/test_00754.png,을
./test/test_00755.png,특별
./test/test_00756.png,기관
./test/test_00757.png,맥주
./test/test_00758.png,복권
./test/test_00759.png,판매점
./test/test_00760.png,중국비자
./test/test_00761.png,체류상담
./test/test_00762.png,결만고추추장쌈터
./test/test_00763.png,라블
./test/test_00764.png,따스
./test/test_00765.png,동부센트텔르
./test/test_00766.png,샤크
./test/test_00767.png,떡
./test/test_00768.png,떼레노
./test/test_00769.png,고향
./test/test_00770.png,다방
./test/test_00771.png,지하
./test/test_00772.png,다방
./test/test_00773.png,오늘
./test/test_00774.png,한잔
./test/test_00775.png,이철
./test/test_00776.png,대사지
./test/test_00777.png,타이
./test/test_00778.png,아로마
./test/test_00779.png,세익
./test/test_00780.png,메디칼
./test/test_00781.png,중정한분전
./test/test_00782.png,마스터
./test/test_00783.png,수학
./test/test_00784.png,자림
./test/test_00785.png,자림
./test/test_00786.png,부동산
./test/test_00787.png,리대림
./test/test_00788.png,디쁘리
./test/test_00789.png,주앙
./test/test_00790.png,마일화장잠음
./test/test_00791.png,마림건상국실
./test/test_00792.png,빨래방
./test/test_00793.png,두자상담
./test/test_00794.png,부동산
./test/test_00795.png,엔제이
./test/test_00796.png,이찌할
./test/test_00797.png,인월
./test/test_00798.png,식당
./test/test_00799.png,달아
./test/test_00800.png,닭발
./test/test_00801.png,장미언동
./test/test_00802.png,국악원
./test/test_00803.png,고향
./test/test_00804.png,제분소
./test/test_00805.png,바늘
./test/test_00806.png,문화센터
./test/test_00807.png,고킹이
./test/test_00808.png,내구기실
./test/test_00809.png,수선
./test/test_00810.png,공사
./test/test_00811.png,곰집
./test/test_00812.png,감성
./test/test_00813.png,달빛
./test/test_00814.png,꼼남
./test/test_00815.png,삼조네
./test/test_00816.png,영성원
./test/test_00817.png,공창
./test/test_00818.png,휴게실
./test/test_00819.png,차오커
./test/test_00820.png,설밥
./test/test_00821.png,토담
./test/test_00822.png,고회
./test/test_00823.png,조림식
./test/test_00824.png,펜선
./test/test_00825.png,하솔
./test/test_00826.png,돌플이네
./test/test_00827.png,고스스스
./test/test_00828.png,수능마스터
./test/test_00829.png,학원
./test/test_00830.png,롯데아울라
./test/test_00831.png,고양터미널실점
./test/test_00832.png,순나과
./test/test_00833.png,부여
./test/test_00834.png,슈퍼
./test/test_00835.png,일마곡
./test/test_00836.png,로또노방방
./test/test_00837.png,황후
./test/test_00838.png,노래방
./test/test_00839.png,투빅엠앤비
./test/test_00840.png,정일적산
./test/test_00841.png,수학 영어
./test/test_00842.png,와원
./test/test_00843.png,에드컴바인
./test/test_00844.png,이가자
./test/test_00845.png,다방
./test/test_00846.png,틈
./test/test_00847.png,풋샵
./test/test_00848.png,혁신 래의은장
./test/test_00849.png,에프엠성모의원
./test/test_00850.png,치즈타르트 전문점
./test/test_00851.png,퓨전 증식 전문점
./test/test_00852.png,소곱창
./test/test_00853.png,이영아이학원
./test/test_00854.png,나우건축
./test/test_00855.png,는  남에님 용원원원
./test/test_00856.png,앤드드림 커팩
./test/test_00857.png,가비
./test/test_00858.png,커피볶는집
./test/test_00859.png,켜진로
./test/test_00860.png,리빙털
./test/test_00861.png,목살구이
./test/test_00862.png,수길
./test/test_00863.png,수학학원
./test/test_00864.png,아나반수가링용실싱
./test/test_00865.png,손지식
./test/test_00866.png,의원
./test/test_00867.png,호흡기내과
./test/test_00868.png,주신기획
./test/test_00869.png,브로드읽
./test/test_00870.png,어학원
./test/test_00871.png,스무디앤
./test/test_00872.png,브런치카카페
./test/test_00873.png,아보카도 단체비
./test/test_00874.png,로제 함박
./test/test_00875.png,수제 함박 래러는
./test/test_00876.png,다향연
./test/test_00877.png,음향
./test/test_00878.png,문구
./test/test_00879.png,비데
./test/test_00880.png,조명
./test/test_00881.png,애드닥터
./test/test_00882.png,식당
./test/test_00883.png,그리미
./test/test_00884.png,월드오오트트리
./test/test_00885.png,피아노보다더더
./test/test_00886.png,디지털피
./test/test_00887.png,광주
./test/test_00888.png,최대
./test/test_00889.png,한일전자
./test/test_00890.png,하철교회
./test/test_00891.png,귀금속
./test/test_00892.png,우진테크
./test/test_00893.png,제이서포트
./test/test_00894.png,주
./test/test_00895.png,에스테틱
./test/test_00896.png,고운
./test/test_00897.png,안생정보기실
./test/test_00898.png,목재건반
./test/test_00899.png,탑재
./test/test_00900.png,명신
./test/test_00901.png,커피숍
./test/test_00902.png,목재 건반
./test/test_00903.png,이자하우은 전문수는 
./test/test_00904.png,앤케이글로벌
./test/test_00905.png,주
./test/test_00906.png,케구이쿠
./test/test_00907.png,케이크
./test/test_00908.png,마자루
./test/test_00909.png,무정전전원정개
./test/test_00910.png,편진화
./test/test_00911.png,리빙델
./test/test_00912.png,스릴러 오러소소
./test/test_00913.png,한사하이비인후교 
./test/test_00914.png,컴브리지  정공인인
./test/test_00915.png,인증기관
./test/test_00916.png,진족발
./test/test_00917.png,보쌈
./test/test_00918.png,일본소설
./test/test_00919.png,옥상
./test/test_00920.png,주차장
./test/test_00921.png,올소플란트
./test/test_00922.png,치과
./test/test_00923.png,연극 영화 은실
./test/test_00924.png,아름다군
./test/test_00925.png,날
./test/test_00926.png,재테크
./test/test_00927.png,행복론
./test/test_00928.png,국제시장
./test/test_00929.png,미취
./test/test_00930.png,닭갈비
./test/test_00931.png,중고
./test/test_00932.png,명품
./test/test_00933.png,에이스
./test/test_00934.png,당구클럽
./test/test_00935.png,찬터북
./test/test_00936.png,서면종은사사과과
./test/test_00937.png,노안백내장
./test/test_00938.png,스마일라식
./test/test_00939.png,소풍
./test/test_00940.png,경인문고
./test/test_00941.png,매드포갈릭
./test/test_00942.png,맘스호 두두
./test/test_00943.png,파이
./test/test_00944.png,분천 이학 국국
./test/test_00945.png,고기 함동
./test/test_00946.png,교양과학
./test/test_00947.png,스타버스
./test/test_00948.png,자양이마트점
./test/test_00949.png,정치학
./test/test_00950.png,소설
./test/test_00951.png,미주
./test/test_00952.png,유럽여행
./test/test_00953.png,대 장
./test/test_00954.png,김치찌개 문점점
./test/test_00955.png,한국에세이
./test/test_00956.png,청소년
./test/test_00957.png,문학
./test/test_00958.png,초중고 학사
./test/test_00959.png,층
./test/test_00960.png,피부과
./test/test_00961.png,동화
./test/test_00962.png,사계절 한겨
./test/test_00963.png,자기계발
./test/test_00964.png,편의
./test/test_00965.png,용품
./test/test_00966.png,유통
./test/test_00967.png,물류
./test/test_00968.png,동아 상영이네
./test/test_00969.png,수입신발
./test/test_00970.png,전자담배
./test/test_00971.png,코코오도
./test/test_00972.png,전기전자 수체사
./test/test_00973.png,해외여행
./test/test_00974.png,출판사순
./test/test_00975.png,자미당
./test/test_00976.png,잠살파배기
./test/test_00977.png,과자점
./test/test_00978.png,건축기사
./test/test_00979.png,파워포인트
./test/test_00980.png,교양과학
./test/test_00981.png,중학국어
./test/test_00982.png,영어
./test/test_00983.png,주식회사 미음
./test/test_00984.png,쏘유
./test/test_00985.png,가
./test/test_00986.png,휴대용비상교원동
./test/test_00987.png,부동산
./test/test_00988.png,제일
./test/test_00989.png,비타민
./test/test_00990.png,영양제
./test/test_00991.png,리더스타
./test/test_00992.png,수정
./test/test_00993.png,물산
./test/test_00994.png,포비타워
./test/test_00995.png,주차장
./test/test_00996.png,건축
./test/test_00997.png,백상
./test/test_00998.png,주
./test/test_00999.png,블루넷터크노래지
./test/test_01000.png,용안내
./test/test_01001.png,파킹패스
./test/test_01002.png,신용카드전용
./test/test_01003.png,지하도상가 라라인인
./test/test_01004.png,소핑몰 스튜니오
./test/test_01005.png,부산시설공단
./test/test_01006.png,넌 멋엇이든
./test/test_01007.png,필   있
./test/test_01008.png,아이피엘
./test/test_01009.png,주
./test/test_01010.png,애완동물
./test/test_01011.png,출입금지
./test/test_01012.png,비밀번호
./test/test_01013.png,비밀번호
./test/test_01014.png,플림게
./test/test_01015.png,보험제리법인
./test/test_01016.png,지아컨설팅
./test/test_01017.png,편안한
./test/test_01018.png,약국
./test/test_01019.png,덕이수산
./test/test_01020.png,해산물 전문점
./test/test_01021.png,택이네 조개전절
./test/test_01022.png,돈가스 전문점
./test/test_01023.png,커리 전문점
./test/test_01024.png,커리 전문점
./test/test_01025.png,은식당
./test/test_01026.png,프레를 전문점
./test/test_01027.png,커리 전문점
./test/test_01028.png,곁들이
./test/test_01029.png,출시
./test/test_01030.png,신소재
./test/test_01031.png,상주리그
./test/test_01032.png,온라인 신청
./test/test_01033.png,콩국수
./test/test_01034.png,네일리프트
./test/test_01035.png,영재뇌훈련
./test/test_01036.png,학솔기업력
./test/test_01037.png,커피경력
./test/test_01038.png,지정한
./test/test_01039.png,기계실
./test/test_01040.png,명품우동
./test/test_01041.png,최다물량
./test/test_01042.png,돌잔치
./test/test_01043.png,카카오십스
./test/test_01044.png,채소
./test/test_01045.png,계란
./test/test_01046.png,니키진
./test/test_01047.png,휴타이 마사
./test/test_01048.png,기본장
./test/test_01049.png,도어 걸러
./test/test_01050.png,싱글홀
./test/test_01051.png,뉴데이
./test/test_01052.png,라이프 리클리  
./test/test_01053.png,노블앙
./test/test_01054.png,판앤팬
./test/test_01055.png,속옷정리함
./test/test_01056.png,타퍼 험럼존
./test/test_01057.png,오가닉 토퍼
./test/test_01058.png,오가닉
./test/test_01059.png,베드기어
./test/test_01060.png,최강달인
./test/test_01061.png,들밥
./test/test_01062.png,대문파
./test/test_01063.png,디사이플교회
./test/test_01064.png,성씨네
./test/test_01065.png,선희네
./test/test_01066.png,왕관피아노
./test/test_01067.png,산모도우미
./test/test_01068.png,비자르
./test/test_01069.png,진양
./test/test_01070.png,원조
./test/test_01071.png,곱창
./test/test_01072.png,피부과
./test/test_01073.png,수앤매
./test/test_01074.png,신료
./test/test_01075.png,중앙속옷
./test/test_01076.png,한양수산
./test/test_01077.png,밥  좋은은살
./test/test_01078.png,두악
./test/test_01079.png,백앤미마의원
./test/test_01080.png,서울볼트
./test/test_01081.png,가야소리 가야금
./test/test_01082.png,보람디자인
./test/test_01083.png,제주
./test/test_01084.png,청암
./test/test_01085.png,나무반지
./test/test_01086.png,아모사
./test/test_01087.png,선
./test/test_01088.png,오늘도
./test/test_01089.png,나
./test/test_01090.png,동보사
./test/test_01091.png,간편히서
./test/test_01092.png,좋디니과
./test/test_01093.png,우리수선
./test/test_01094.png,내과
./test/test_01095.png,이비인후
./test/test_01096.png,알레르기
./test/test_01097.png,추나
./test/test_01098.png,질화
./test/test_01099.png,스마일
./test/test_01100.png,맑은성모
./test/test_01101.png,이비인후과
./test/test_01102.png,닥터프리벤
./test/test_01103.png,다란솔밥
./test/test_01104.png,매장에서 작접 주
./test/test_01105.png,대지미용실
./test/test_01106.png,아시안마션
./test/test_01107.png,순남시래기
./test/test_01108.png,원서울치과
./test/test_01109.png,세미디자인
./test/test_01110.png,평택시와시업지지
./test/test_01111.png,고스트캐
./test/test_01112.png,슬
./test/test_01113.png,방
./test/test_01114.png,동작지역 서교
./test/test_01115.png,농산물 저정고
./test/test_01116.png,동작한의원
./test/test_01117.png,당구 한게
./test/test_01118.png,도장라이타고무인
./test/test_01119.png,명함인식
./test/test_01120.png,한마음 이비인후과
./test/test_01121.png,검사실은
./test/test_01122.png,예 있니니다다
./test/test_01123.png,연정에스테틱
./test/test_01124.png,전화문의
./test/test_01125.png,삼우보험정개정
./test/test_01126.png,다산인모텔
./test/test_01127.png,자연공간
./test/test_01128.png,키온넷
./test/test_01129.png,대신티엔에스
./test/test_01130.png,에스앤소프트
./test/test_01131.png,잘판다
./test/test_01132.png,디에이전시
./test/test_01133.png,고베소
./test/test_01134.png,종합건축사
./test/test_01135.png,이종  치과
./test/test_01136.png,뿌리깊은
./test/test_01137.png,한의원
./test/test_01138.png,꽃담
./test/test_01139.png,스튜디오
./test/test_01140.png,노래연습장
./test/test_01141.png,숨
./test/test_01142.png,제이제이 바
./test/test_01143.png,해든 창
./test/test_01144.png,스텔
./test/test_01145.png,라
./test/test_01146.png,타로점
./test/test_01147.png,신협
./test/test_01148.png,탁구장
./test/test_01149.png,연배 국어 수  원
./test/test_01150.png,미리 영어 학원
./test/test_01151.png,도이천
./test/test_01152.png,다산
./test/test_01153.png,취업지원센터
./test/test_01154.png,트레비
./test/test_01155.png,보컬
./test/test_01156.png,여행사
./test/test_01157.png,판플
./test/test_01158.png,홀덤법
./test/test_01159.png,궁전
./test/test_01160.png,골드타이스파
./test/test_01161.png,제일약국
./test/test_01162.png,피콜로 빠
./test/test_01163.png,오늘
./test/test_01164.png,그림 한장
./test/test_01165.png,드로잉 카페
./test/test_01166.png,마스터에이치
./test/test_01167.png,뷰티토탈샵
./test/test_01168.png,김호증모
./test/test_01169.png,가발
./test/test_01170.png,아름다운
./test/test_01171.png,기공소
./test/test_01172.png,토마스 양글리사
./test/test_01173.png,국제와이즈멘
./test/test_01174.png,진주족석클럽
./test/test_01175.png,로타리
./test/test_01176.png,기회의문
./test/test_01177.png,오픈랜드
./test/test_01178.png,내추렬 뷰티
./test/test_01179.png,청소곱창
./test/test_01180.png,삼구
./test/test_01181.png,청탁산구구
./test/test_01182.png,베스트문구
./test/test_01183.png,포보스
./test/test_01184.png,오이시이
./test/test_01185.png,일본어학원
./test/test_01186.png,맛있는 일는 연 원원원
./test/test_01187.png,남지빌딩
./test/test_01188.png,킹덤보스가카페
./test/test_01189.png,경기이동노 자
./test/test_01190.png,수원쉼터
./test/test_01191.png,다 곳티곳
./test/test_01192.png,태광에스염
./test/test_01193.png,베곧 스타 링링정
./test/test_01194.png,연결
./test/test_01195.png,나르사 당구클럽
./test/test_01196.png,새롬당구장
./test/test_01197.png,한국해양조사회회
./test/test_01198.png,올  플래이트
./test/test_01199.png,중화가정
./test/test_01200.png,팩브리지
./test/test_01201.png,생트라인터에서설
./test/test_01202.png,케이앤디시스텔
./test/test_01203.png,한식뷔과 정공한센원
./test/test_01204.png,본음한의원
./test/test_01205.png,갤렉식
./test/test_01206.png,노래 
./test/test_01207.png,케틀빌
./test/test_01208.png,복싱
./test/test_01209.png,원당정형외과의원
./test/test_01210.png,마사지
./test/test_01211.png,유리안과
./test/test_01212.png,허브다이어트
./test/test_01213.png,내 인 건경
./test/test_01214.png,다이어트
./test/test_01215.png,아리아스
./test/test_01216.png,헤어
./test/test_01217.png,대금정화연구소
./test/test_01218.png,김선영
./test/test_01219.png,미용실
./test/test_01220.png,연두약국
./test/test_01221.png,바비스퀸케어
./test/test_01222.png,하나은행
./test/test_01223.png,하나은행
./test/test_01224.png,물장구노래방
./test/test_01225.png,제니퍼헤헤어
./test/test_01226.png,바른중개 부산경 
./test/test_01227.png,약손수기센터
./test/test_01228.png,노래방
./test/test_01229.png,블루밍테이
./test/test_01230.png,열
./test/test_01231.png,한의원
./test/test_01232.png,시 골은
./test/test_01233.png,프리미엄 영품
./test/test_01234.png,케어샵
./test/test_01235.png,퀸서브
./test/test_01236.png,노래방
./test/test_01237.png,지하
./test/test_01238.png,전속중개전문
./test/test_01239.png,그 닭발발
./test/test_01240.png,고기원칙
./test/test_01241.png,케어솔루션
./test/test_01242.png,스타짐 마하
./test/test_01243.png,예술학원
./test/test_01244.png,나이스
./test/test_01245.png,노래방
./test/test_01246.png,당구회관
./test/test_01247.png,힐링
./test/test_01248.png,건강
./test/test_01249.png,나라
./test/test_01250.png,다목적강당
./test/test_01251.png,제시식사
./test/test_01252.png,킹 타이 사
./test/test_01253.png,사회복지
./test/test_01254.png,설탕
./test/test_01255.png,노래방
./test/test_01256.png,센트릴 이비인후과
./test/test_01257.png,층
./test/test_01258.png,홍스가발
./test/test_01259.png,부자
./test/test_01260.png,부동산
./test/test_01261.png,앤프로그래밍
./test/test_01262.png,와
./test/test_01263.png,노래방
./test/test_01264.png,입구
./test/test_01265.png,시리즈
./test/test_01266.png,문화
./test/test_01267.png,동시
./test/test_01268.png,직업
./test/test_01269.png,취미
./test/test_01270.png,예술
./test/test_01271.png,마이송 보철
./test/test_01272.png,희년교회
./test/test_01273.png,추리소설
./test/test_01274.png,도로시헤어
./test/test_01275.png,밀레오래 저피
./test/test_01276.png,호프
./test/test_01277.png,연계러스안내
./test/test_01278.png,인문교양시리즈
./test/test_01279.png,컬러시스터
./test/test_01280.png,당구
./test/test_01281.png,클럽
./test/test_01282.png,운동
./test/test_01283.png,의학센
./test/test_01284.png,터
./test/test_01285.png,보보스
./test/test_01286.png,헤어샵
./test/test_01287.png,빈센트
./test/test_01288.png,성형외과
./test/test_01289.png,김진음
./test/test_01290.png,색소폰음악악원
./test/test_01291.png,지산
./test/test_01292.png,한의원
./test/test_01293.png,층
./test/test_01294.png,국악진공회
./test/test_01295.png,원당감자탕
./test/test_01296.png,씨엔텍
./test/test_01297.png,계통정밀
./test/test_01298.png,코아이비인후과
./test/test_01299.png,윤수영
./test/test_01300.png,열린약국
./test/test_01301.png,네오텍
./test/test_01302.png,주
./test/test_01303.png,레티아
./test/test_01304.png,주
./test/test_01305.png,디알테크아아인사
./test/test_01306.png,코아트솔루션
./test/test_01307.png,패스트푸드
./test/test_01308.png,아르던
./test/test_01309.png,주
./test/test_01310.png,세원아이엔씨
./test/test_01311.png,행랑채
./test/test_01312.png,제일다방
./test/test_01313.png,향음흡
./test/test_01314.png,축농증
./test/test_01315.png,적극적 행위
./test/test_01316.png,판매 개사
./test/test_01317.png,제일제당
./test/test_01318.png,푸드빌
./test/test_01319.png,올리브테트와스
./test/test_01320.png,프레시웨이
./test/test_01321.png,타임즈
./test/test_01322.png,스시하이
./test/test_01323.png,애완용품
./test/test_01324.png,만홍빌딩
./test/test_01325.png,양부동
./test/test_01326.png,백옥생
./test/test_01327.png,실버댄스
./test/test_01328.png,스포츠댄스
./test/test_01329.png,대출
./test/test_01330.png,출자
./test/test_01331.png,예금
./test/test_01332.png,공
./test/test_01333.png,예방접종
./test/test_01334.png,롯데투
./test/test_01335.png,추나
./test/test_01336.png,만족을 드리  상함
./test/test_01337.png,쓸라
./test/test_01338.png,부자부동산
./test/test_01339.png,구역별
./test/test_01340.png,얼음왕국
./test/test_01341.png,세븐일레분
./test/test_01342.png,세사리빙
./test/test_01343.png,팩토리안경
./test/test_01344.png,음향
./test/test_01345.png,서울성모
./test/test_01346.png,경희다
./test/test_01347.png,가우스 수학
./test/test_01348.png,아소부
./test/test_01349.png,마트전용
./test/test_01350.png,아트뮤지엄
./test/test_01351.png,짚라인
./test/test_01352.png,방화셔터
./test/test_01353.png,골프존파크
./test/test_01354.png,마시쿠
./test/test_01355.png,웨이
./test/test_01356.png,스탑
./test/test_01357.png,티엔티
./test/test_01358.png,학원
./test/test_01359.png,세종온유교회
./test/test_01360.png,수다움
./test/test_01361.png,홍대개미
./test/test_01362.png,대영개발
./test/test_01363.png,두끼
./test/test_01364.png,해리포터
./test/test_01365.png,나무현
./test/test_01366.png,사랑소아정청소연의원원원
./test/test_01367.png,바이러스
./test/test_01368.png,안심매장
./test/test_01369.png,콘택트레즈
./test/test_01370.png,예약 한자
./test/test_01371.png,미끄럼 주의
./test/test_01372.png,폐령
./test/test_01373.png,시술하는 아크이실
./test/test_01374.png,리우키친
./test/test_01375.png,동물의약품
./test/test_01376.png,취근약국
./test/test_01377.png,쿠키라떼
./test/test_01378.png,복숭아요오거무니
./test/test_01379.png,아띠랑스
./test/test_01380.png,역곡
./test/test_01381.png,사
./test/test_01382.png,전당포
./test/test_01383.png,블름뭐르 맞집
./test/test_01384.png,나눔약국
./test/test_01385.png,예약제
./test/test_01386.png,사전예약 필수
./test/test_01387.png,미끄럼 주원
./test/test_01388.png,파라솔
./test/test_01389.png,오픈할 매가
./test/test_01390.png,제일 싸다
./test/test_01391.png,대표원장
./test/test_01392.png,성형외과 전문의
./test/test_01393.png,정철
./test/test_01394.png,김해
./test/test_01395.png,방면
./test/test_01396.png,버스 타는 곳
./test/test_01397.png,주거래처
./test/test_01398.png,석치과
./test/test_01399.png,설
./test/test_01400.png,빙
./test/test_01401.png,스페이스
./test/test_01402.png,손세차
./test/test_01403.png,합니다
./test/test_01404.png,쉼전한점
./test/test_01405.png,동일주차장
./test/test_01406.png,고향전물세트
./test/test_01407.png,이바지
./test/test_01408.png,한우선물
./test/test_01409.png,장년군
./test/test_01410.png,대구
./test/test_01411.png,직방
./test/test_01412.png,만심들 있다
./test/test_01413.png,네일
./test/test_01414.png,지
./test/test_01415.png,데이
./test/test_01416.png,자연약국
./test/test_01417.png,부동산
./test/test_01418.png,목다방
./test/test_01419.png,지하
./test/test_01420.png,일성
./test/test_01421.png,주차장
./test/test_01422.png,건강한
./test/test_01423.png,한끼
./test/test_01424.png,최저가 숙은은
./test/test_01425.png,야놀자
./test/test_01426.png,햄  치즈
./test/test_01427.png,프렌치토스트
./test/test_01428.png,인돌미빙수
./test/test_01429.png,링덤
./test/test_01430.png,스포조
./test/test_01431.png,마사지
./test/test_01432.png,파른따파
./test/test_01433.png,수련안내
./test/test_01434.png,김치찌개
./test/test_01435.png,어의 텔텔
./test/test_01436.png,여의도복지만
./test/test_01437.png,옛날상실식
./test/test_01438.png,생간
./test/test_01439.png,생명
./test/test_01440.png,유료
./test/test_01441.png,한국주차장
./test/test_01442.png,건축자재
./test/test_01443.png,판매
./test/test_01444.png,주출입구
./test/test_01445.png,옷수선
./test/test_01446.png,고토개
./test/test_01447.png,골뱅이
./test/test_01448.png,태영
./test/test_01449.png,부동산
./test/test_01450.png,금
./test/test_01451.png,삽니다
./test/test_01452.png,금보적
./test/test_01453.png,천지
./test/test_01454.png,물교사
./test/test_01455.png,한우소머리
./test/test_01456.png,국밥집
./test/test_01457.png,컷앤길헤어어
./test/test_01458.png,한우소머리
./test/test_01459.png,국밥집
./test/test_01460.png,수정
./test/test_01461.png,미용실
./test/test_01462.png,테진아
./test/test_01463.png,와
./test/test_01464.png,유리
./test/test_01465.png,표구
./test/test_01466.png,액자
./test/test_01467.png,독
./test/test_01468.png,독
./test/test_01469.png,연경사
./test/test_01470.png,노래
./test/test_01471.png,연습장
./test/test_01472.png,임예주
./test/test_01473.png,업늘 합공사
./test/test_01474.png,오뎅탕
./test/test_01475.png,수일 공교업
./test/test_01476.png,빅볼
./test/test_01477.png,커피한잔
./test/test_01478.png,하고
./test/test_01479.png,가실래요
./test/test_01480.png,자른숙식
./test/test_01481.png,생각주
./test/test_01482.png,혼지
./test/test_01483.png,금티
./test/test_01484.png,헌번
./test/test_01485.png,스타일
./test/test_01486.png,장기주차금지
./test/test_01487.png,행광체 전용자차자
./test/test_01488.png,효자고개
./test/test_01489.png,백구
./test/test_01490.png,열쇠
./test/test_01491.png,수제
./test/test_01492.png,떡볶이
./test/test_01493.png,가족통신
./test/test_01494.png,가족통신
./test/test_01495.png,영광 텔래콤
./test/test_01496.png,남자자연눈썹
./test/test_01497.png,예뻗입술
./test/test_01498.png,삼성조명
./test/test_01499.png,봉사부 주요 비사
./test/test_01500.png,거북목
./test/test_01501.png,머리통점
./test/test_01502.png,발저림
./test/test_01503.png,올민원
./test/test_01504.png,인생도
./test/test_01505.png,집수리
./test/test_01506.png,이스트
./test/test_01507.png,당구장
./test/test_01508.png,원영철학관
./test/test_01509.png,조앤리
./test/test_01510.png,과일나라
./test/test_01511.png,도연
./test/test_01512.png,부
./test/test_01513.png,은행골
./test/test_01514.png,살
./test/test_01515.png,삽니다
./test/test_01516.png,대카텔스
./test/test_01517.png,아이데코안경
./test/test_01518.png,신갈동
./test/test_01519.png,농서동
./test/test_01520.png,오여사
./test/test_01521.png,세탁
./test/test_01522.png,크림가스테레우우유
./test/test_01523.png,메로
./test/test_01524.png,임금님
./test/test_01525.png,수빗상
./test/test_01526.png,보호구를 착용해 원
./test/test_01527.png,접근
./test/test_01528.png,관계
./test/test_01529.png,알러지케어
./test/test_01530.png,큰아이스스크림
./test/test_01531.png,쥬쥬바
./test/test_01532.png,수제청
./test/test_01533.png,완전망고
./test/test_01534.png,산추가
./test/test_01535.png,타피오카필
./test/test_01536.png,레몬
./test/test_01537.png,달고나커피
./test/test_01538.png,다리가
./test/test_01539.png,상판과
./test/test_01540.png,테이블을
./test/test_01541.png,리바트의
./test/test_01542.png,규격의
./test/test_01543.png,인증
./test/test_01544.png,정직한
./test/test_01545.png,철판요리달인
./test/test_01546.png,태블리스
./test/test_01547.png,황영하
./test/test_01548.png,화실
./test/test_01549.png,우리메디컬의원
./test/test_01550.png,십리향
./test/test_01551.png,점핑
./test/test_01552.png,다이어트
./test/test_01553.png,세종
./test/test_01554.png,튼튼
./test/test_01555.png,치과
./test/test_01556.png,에듀아트피술학원
./test/test_01557.png,수나로이
./test/test_01558.png,숙달돼지
./test/test_01559.png,조이타우
./test/test_01560.png,이군
./test/test_01561.png,포차
./test/test_01562.png,헤어 띠모아
./test/test_01563.png,이루다
./test/test_01564.png,수학
./test/test_01565.png,학원
./test/test_01566.png,권왕 
./test/test_01567.png,뒷마루
./test/test_01568.png,야니야
./test/test_01569.png,김기 업에
./test/test_01570.png,새롬
./test/test_01571.png,발간오딩
./test/test_01572.png,십상밥상
./test/test_01573.png,궁전
./test/test_01574.png,노래연습장
./test/test_01575.png,딸간구두
./test/test_01576.png,달콤별
./test/test_01577.png,니
./test/test_01578.png,끝
./test/test_01579.png,약들모 벌
./test/test_01580.png,콩일
./test/test_01581.png,펠릭스
./test/test_01582.png,언니네 마카론
./test/test_01583.png,자매당
./test/test_01584.png,오늘 
./test/test_01585.png,오비스텔
./test/test_01586.png,동 행
./test/test_01587.png,오향족발
./test/test_01588.png,하나루는
./test/test_01589.png,무업이
./test/test_01590.png,노블야우의스
./test/test_01591.png,아이니네일
./test/test_01592.png,꺼먹지
./test/test_01593.png,명태조림
./test/test_01594.png,샤트렌
./test/test_01595.png,곱창
./test/test_01596.png,다온
./test/test_01597.png,헤어
./test/test_01598.png,춘경의 거리
./test/test_01599.png,포켓
./test/test_01600.png,공김
./test/test_01601.png,첫눈
./test/test_01602.png,호신술
./test/test_01603.png,옷
./test/test_01604.png,전비
./test/test_01605.png,그대
./test/test_01606.png,커피미자
./test/test_01607.png,우동
./test/test_01608.png,눈썹을 달다
./test/test_01609.png,사이
./test/test_01610.png,하랑
./test/test_01611.png,명품순부부
./test/test_01612.png,송학
./test/test_01613.png,식당
./test/test_01614.png,부동산
./test/test_01615.png,힐링
./test/test_01616.png,무도
./test/test_01617.png,춤추러가가는
./test/test_01618.png,혼담
./test/test_01619.png,올림
./test/test_01620.png,소갈비
./test/test_01621.png,당영문
./test/test_01622.png,을인
./test/test_01623.png,준실
./test/test_01624.png,화살나무
./test/test_01625.png,노박덩국과
./test/test_01626.png,비비추
./test/test_01627.png,백학학과
./test/test_01628.png,잇츠 리
./test/test_01629.png,리얼리 
./test/test_01630.png,갈현
./test/test_01631.png,미미아파트
./test/test_01632.png,프리미엄
./test/test_01633.png,뉴다빈치
./test/test_01634.png,미용실
./test/test_01635.png,라움
./test/test_01636.png,예민손수자와자사사건
./test/test_01637.png,사크정
./test/test_01638.png,가아솔국국밥
./test/test_01639.png,루지개
./test/test_01640.png,고래
./test/test_01641.png,프로피턴스
./test/test_01642.png,얼꽃팥장
./test/test_01643.png,전
./test/test_01644.png,주
./test/test_01645.png,식당
./test/test_01646.png,스타노래블
./test/test_01647.png,북촌
./test/test_01648.png,제방소
./test/test_01649.png,세미나실
./test/test_01650.png,김설차
./test/test_01651.png,길쭈이
./test/test_01652.png,코적
./test/test_01653.png,장금마
./test/test_01654.png,흑돼지 화덕구
./test/test_01655.png,세미나실
./test/test_01656.png,림프로젝트
./test/test_01657.png,감자바우
./test/test_01658.png,송림
./test/test_01659.png,부동산
./test/test_01660.png,대장
./test/test_01661.png,닭볶음탕
./test/test_01662.png,막국수
./test/test_01663.png,가나설비
./test/test_01664.png,크림떡볶이
./test/test_01665.png,골프
./test/test_01666.png,홍성점
./test/test_01667.png,서니헤어샵
./test/test_01668.png,웨딩
./test/test_01669.png,관리
./test/test_01670.png,미술
./test/test_01671.png,학원
./test/test_01672.png,유경로지스
./test/test_01673.png,주
./test/test_01674.png,지음
./test/test_01675.png,한의원
./test/test_01676.png,독
./test/test_01677.png,서
./test/test_01678.png,실
./test/test_01679.png,뉴
./test/test_01680.png,에
./test/test_01681.png,바다
./test/test_01682.png,광주
./test/test_01683.png,에어크린존
./test/test_01684.png,사회직합구전회
./test/test_01685.png,골드
./test/test_01686.png,인
./test/test_01687.png,사무실
./test/test_01688.png,경물병경의
./test/test_01689.png,구름
./test/test_01690.png,빵
./test/test_01691.png,집
./test/test_01692.png,조명
./test/test_01693.png,경관조명
./test/test_01694.png,정화물
./test/test_01695.png,사
./test/test_01696.png,봄음
./test/test_01697.png,오화
./test/test_01698.png,학원
./test/test_01699.png,학솔청
./test/test_01700.png,빛훈
./test/test_01701.png,수학
./test/test_01702.png,떡만두국
./test/test_01703.png,씨티
./test/test_01704.png,부
./test/test_01705.png,동산
./test/test_01706.png,뉴욕발레아트 터
./test/test_01707.png,복지용구
./test/test_01708.png,차장
./test/test_01709.png,주
./test/test_01710.png,한샘
./test/test_01711.png,미의 발발
./test/test_01712.png,아름샵
./test/test_01713.png,발견코인피
./test/test_01714.png,리프팅 팩
./test/test_01715.png,속눈썹 연장
./test/test_01716.png,성실
./test/test_01717.png,책임 중개
./test/test_01718.png,내주 일요일 흔무
./test/test_01719.png,명품복원
./test/test_01720.png,밑창보강
./test/test_01721.png,거실장
./test/test_01722.png,테
./test/test_01723.png,스
./test/test_01724.png,란나이
./test/test_01725.png,경동
./test/test_01726.png,귀뚜라미
./test/test_01727.png,고정문
./test/test_01728.png,냉난빵기
./test/test_01729.png,성경개발
./test/test_01730.png,홍삼중
./test/test_01731.png,농협홍삼
./test/test_01732.png,송도약국
./test/test_01733.png,나누리 대리점
./test/test_01734.png,목수
./test/test_01735.png,조적
./test/test_01736.png,백반전문점
./test/test_01737.png,뚝배기불고기
./test/test_01738.png,기능성속은
./test/test_01739.png,분양권
./test/test_01740.png,신장질환
./test/test_01741.png,요금수납
./test/test_01742.png,전기종
./test/test_01743.png,불백
./test/test_01744.png,열무비밤밥
./test/test_01745.png,빨강냉면
./test/test_01746.png,왕갈비탕
./test/test_01747.png,친절상담
./test/test_01748.png,바지락합리리
./test/test_01749.png,두도  실
./test/test_01750.png,소품
./test/test_01751.png,조명
./test/test_01752.png,순대
./test/test_01753.png,음항
./test/test_01754.png,니론
./test/test_01755.png,기능정기
./test/test_01756.png,룸메탈
./test/test_01757.png,따회장국
./test/test_01758.png,황찰나무무수
./test/test_01759.png,업나무 색숙
./test/test_01760.png,위생
./test/test_01761.png,친절
./test/test_01762.png,감자탕
./test/test_01763.png,뼈해장국
./test/test_01764.png,최고체육관
./test/test_01765.png,킥복싱
./test/test_01766.png,무에타이
./test/test_01767.png,카페라떼
./test/test_01768.png,원
./test/test_01769.png,당
./test/test_01770.png,구
./test/test_01771.png,장
./test/test_01772.png,블책그러이즈라 
./test/test_01773.png,원
./test/test_01774.png,레몬에이드
./test/test_01775.png,네일아트
./test/test_01776.png,속눈썹
./test/test_01777.png,왁싱
./test/test_01778.png,학생컷
./test/test_01779.png,체대입시
./test/test_01780.png,영양순대국
./test/test_01781.png,바젤
./test/test_01782.png,커피공장
./test/test_01783.png,하나비
./test/test_01784.png,커피공장
./test/test_01785.png,하나비
./test/test_01786.png,이동네에서
./test/test_01787.png,가장 맛있는
./test/test_01788.png,아메리카노
./test/test_01789.png,무뼈닭발
./test/test_01790.png,식이네  
./test/test_01791.png,팥죽
./test/test_01792.png,예약문의
./test/test_01793.png,멍냉공방
./test/test_01794.png,곱창볶음
./test/test_01795.png,영양요법자세
./test/test_01796.png,주
./test/test_01797.png,제도엔지대어링
./test/test_01798.png,청소용용력 전문 
./test/test_01799.png,벌초대행
./test/test_01800.png,화삼인
./test/test_01801.png,농협홍삼
./test/test_01802.png,농엽용삼 안심의
./test/test_01803.png,드레니다
./test/test_01804.png,마루시
./test/test_01805.png,임대
./test/test_01806.png,나솔기기
./test/test_01807.png,봉여품
./test/test_01808.png,전문
./test/test_01809.png,다솔기을
./test/test_01810.png,전문
./test/test_01811.png,셀프 탁탁
./test/test_01812.png,활일
./test/test_01813.png,인
./test/test_01814.png,즉시로기
./test/test_01815.png,따뜻하고
./test/test_01816.png,구수함
./test/test_01817.png,팥죽
./test/test_01818.png,국내 최회
./test/test_01819.png,팩스트 리빙 터터
./test/test_01820.png,은희해어
./test/test_01821.png,달량 초콜렛
./test/test_01822.png,차이나 샵샵
./test/test_01823.png,육회
./test/test_01824.png,원
./test/test_01825.png,차돌 잠례동제비
./test/test_01826.png,차돌용 돌밥
./test/test_01827.png,원
./test/test_01828.png,외상
./test/test_01829.png,고은님한 
./test/test_01830.png,한복대역
./test/test_01831.png,순두부지개
./test/test_01832.png,신선한야채
./test/test_01833.png,더먹돼지
./test/test_01834.png,시간
./test/test_01835.png,만원
./test/test_01836.png,인테리어 현수관
./test/test_01837.png,수지즉식무분에
./test/test_01838.png,사업은
./test/test_01839.png,아채타  아 있보까
./test/test_01840.png,골격
./test/test_01841.png,분석
./test/test_01843.png,특수전구
./test/test_01844.png,탐지기
./test/test_01845.png,케이터 텔레립
./test/test_01846.png,계정이비인후과
./test/test_01847.png,에이라
./test/test_01848.png,수지수학전문학원
./test/test_01849.png,홍루이젠
./test/test_01850.png,수지약국
./test/test_01851.png,현대해상
./test/test_01852.png,설리변영어학원
./test/test_01853.png,나랫말씀국어
./test/test_01854.png,라온실
./test/test_01855.png,성경공부
./test/test_01856.png,건강과일의 대포보스
./test/test_01857.png,차망자라  넷의 스자
./test/test_01858.png,담채
./test/test_01859.png,메밀
./test/test_01860.png,개칼
./test/test_01861.png,제비
./test/test_01862.png,김밥나무는
./test/test_01863.png,나누다
./test/test_01864.png,생각하다
./test/test_01865.png,픽업 가는
./test/test_01866.png,추족보실
./test/test_01867.png,우리나라
./test/test_01868.png,토종은행
./test/test_01869.png,합리적인
./test/test_01870.png,무관중대대화
./test/test_01871.png,런칭
./test/test_01872.png,당신의
./test/test_01873.png,쿠크봉
./test/test_01874.png,한쌈 생활용점관
./test/test_01875.png,전 향종
./test/test_01876.png,셀프 모토스데디오
./test/test_01877.png,가을맞이
./test/test_01878.png,메르디왕스
./test/test_01879.png,묘라스
./test/test_01880.png,모링가
./test/test_01881.png,요거트
./test/test_01882.png,다이아
./test/test_01883.png,목걸이
./test/test_01884.png,코끼리우라
./test/test_01885.png,유가네
./test/test_01886.png,닭갈비
./test/test_01887.png,조이뮤즈
./test/test_01888.png,음악학원
./test/test_01889.png,아람 맘스할
./test/test_01890.png,김씨화로
./test/test_01891.png,라라
./test/test_01892.png,명신
./test/test_01893.png,노래
./test/test_01894.png,방
./test/test_01895.png,삼성영어
./test/test_01896.png,김밥천국
./test/test_01897.png,세종커피
./test/test_01898.png,세종한누리
./test/test_01899.png,인
./test/test_01900.png,수
./test/test_01901.png,학
./test/test_01902.png,나이스 크
./test/test_01903.png,이대가촌집답발비
./test/test_01904.png,성인제일
./test/test_01905.png,랜드
./test/test_01906.png,엑센트 주유소
./test/test_01907.png,하눕
./test/test_01908.png,마레정원
./test/test_01909.png,잇다부동산
./test/test_01910.png,공인중개사사무소
./test/test_01911.png,더블얼
./test/test_01912.png,피부과
./test/test_01913.png,대패로
./test/test_01914.png,바늘과 
./test/test_01915.png,보 다다바복
./test/test_01916.png,깨봉네
./test/test_01917.png,한솔
./test/test_01918.png,이름풀이
./test/test_01919.png,뮤즈클럽
./test/test_01920.png,꽃돼지
./test/test_01921.png,순화 보리밥집
./test/test_01922.png,수미네일
./test/test_01923.png,숙등천하
./test/test_01924.png,홍사
./test/test_01925.png,우거지팅
./test/test_01926.png,달
./test/test_01927.png,사계절
./test/test_01928.png,최선을 다합니다
./test/test_01929.png,형제집
./test/test_01930.png,본
./test/test_01931.png,치
./test/test_01932.png,과
./test/test_01933.png,삶길
./test/test_01934.png,금융수수료
./test/test_01935.png,우대까지
./test/test_01936.png,전문의 진료
./test/test_01937.png,디지털 진료
./test/test_01938.png,트레이닝
./test/test_01939.png,독서실
./test/test_01940.png,카페형
./test/test_01941.png,스터데 센터
./test/test_01942.png,통임대
./test/test_01943.png,대방점
./test/test_01944.png,하오니
./test/test_01945.png,지역화제
./test/test_01946.png,재난지원금
./test/test_01947.png,전문
./test/test_01948.png,정장
./test/test_01949.png,정장
./test/test_01950.png,천만여원 확장
./test/test_01951.png,모직
./test/test_01952.png,청춘소주
./test/test_01953.png,입정기념
./test/test_01954.png,동과
./test/test_01955.png,주변
./test/test_01956.png,이전
./test/test_01957.png,약도
./test/test_01958.png,작은붙은
./test/test_01959.png,태종
./test/test_01960.png,세무회계사무소소
./test/test_01961.png,으뜸정형외과
./test/test_01962.png,비춤안경콘택트
./test/test_01963.png,방문
./test/test_01964.png,잃어방
./test/test_01965.png,스포츠아로마
./test/test_01966.png,수료
./test/test_01967.png,수학전문학원
./test/test_01968.png,위반시
./test/test_01969.png,쳐피마보발아
./test/test_01970.png,위 미미지는 단운된
./test/test_01971.png,이미지입니다
./test/test_01972.png,헤어
./test/test_01973.png,메이스터  수럽원원
./test/test_01974.png,버커킹
./test/test_01975.png,층
./test/test_01976.png,닥터카테트워원
./test/test_01977.png,기홍동백점
./test/test_01978.png,해비치한의원
./test/test_01979.png,해비치한의원
./test/test_01980.png,네일공주
./test/test_01981.png,안전모
./test/test_01982.png,차도로
./test/test_01983.png,꼬마김밥
./test/test_01984.png,일반김밥
./test/test_01985.png,주제로
./test/test_01986.png,쓰러진
./test/test_01987.png,이에게
./test/test_01988.png,안경배상 영할   
./test/test_01989.png,주년 이벤트
./test/test_01990.png,모든
./test/test_01991.png,옷이
./test/test_01992.png,조하
./test/test_01993.png,전시를
./test/test_01994.png,누수탐지
./test/test_01995.png,배관
./test/test_01996.png,배관누수영자
./test/test_01997.png,참여작가
./test/test_01998.png,작품재료
./test/test_01999.png,안재국
./test/test_02000.png,파김치
./test/test_02001.png,알타리
./test/test_02002.png,러비즈
./test/test_02003.png,도
./test/test_02004.png,공원
./test/test_02005.png,작은
./test/test_02006.png,작은
./test/test_02007.png,작은
./test/test_02008.png,동물원
./test/test_02009.png,약
./test/test_02010.png,평권의원
./test/test_02011.png,달고나
./test/test_02012.png,가페라떼
./test/test_02013.png,동물원
./test/test_02014.png,동물원
./test/test_02015.png,꾸미다
./test/test_02016.png,뷰티
./test/test_02017.png,공원 작은 물원
./test/test_02018.png,방문을
./test/test_02019.png,환영합니다
./test/test_02020.png,참여학생
./test/test_02021.png,김나은 학생
./test/test_02022.png,강채인
./test/test_02023.png,김민진
./test/test_02024.png,정문 입입
./test/test_02025.png,김서연
./test/test_02026.png,문재영
./test/test_02027.png,황시영
./test/test_02028.png,퇴근길
./test/test_02029.png,퇴근길
./test/test_02030.png,졸면
./test/test_02031.png,영화인상
./test/test_02032.png,자매포차
./test/test_02033.png,명인
./test/test_02034.png,마사지
./test/test_02035.png,르벨리에
./test/test_02036.png,토탈뷰티티
./test/test_02037.png,코드원
./test/test_02038.png,독서실
./test/test_02039.png,종이학
./test/test_02040.png,노래방
./test/test_02041.png,스튜디오 담소소
./test/test_02042.png,상쾌한장문외과
./test/test_02043.png,도미회
./test/test_02044.png,이만원
./test/test_02045.png,플러스서울치과
./test/test_02046.png,롯데하이마드
./test/test_02047.png,산수점
./test/test_02048.png,상동가가 통의의학
./test/test_02049.png,하나이비인후과
./test/test_02050.png,롯데하이마트
./test/test_02051.png,입주박람회
./test/test_02052.png,계림동 두산의브
./test/test_02053.png,엔진요일
./test/test_02054.png,티지패션
./test/test_02055.png,울도육집도래탐
./test/test_02056.png,명문
./test/test_02057.png,이화미술
./test/test_02058.png,천원
./test/test_02059.png,자피당
./test/test_02060.png,호
./test/test_02061.png,금호월드
./test/test_02062.png,매운탕
./test/test_02063.png,생우렁탕
./test/test_02064.png,낙지점
./test/test_02065.png,동태
./test/test_02066.png,대구해물전절
./test/test_02067.png,임대
./test/test_02068.png,친절
./test/test_02069.png,상담
./test/test_02070.png,흑임자크림라미
./test/test_02071.png,딸거치즈제 프체 
./test/test_02072.png,앵크림 않과와몰
./test/test_02073.png,초코아모드와절
./test/test_02074.png,카페라떼
./test/test_02075.png,원
./test/test_02076.png,아메리카노
./test/test_02077.png,원지
./test/test_02078.png,들수 지지발원철
./test/test_02079.png,액정교체
./test/test_02080.png,메인보드
./test/test_02081.png,중고폰 매매
./test/test_02082.png,제육덤방
./test/test_02083.png,알뜰수리
./test/test_02084.png,알뜰리퍼
./test/test_02085.png,인
./test/test_02086.png,만원
./test/test_02087.png,웨이크
./test/test_02088.png,아포가토
./test/test_02089.png,즉시개롱
./test/test_02090.png,지정매장
./test/test_02091.png,플랫치노
./test/test_02092.png,영화관
./test/test_02093.png,미래를 담았다
./test/test_02094.png,즉시개통
./test/test_02095.png,매달요금
./test/test_02096.png,퍽장인 상앗간
./test/test_02097.png,건조
./test/test_02098.png,가능
./test/test_02099.png,냉
./test/test_02100.png,얼무국수
./test/test_02101.png,필무배빙국수
./test/test_02102.png,크리스피 크림
./test/test_02103.png,메뉴 안내
./test/test_02104.png,열무배법밥
./test/test_02105.png,비빔밥
./test/test_02106.png,돌솔
./test/test_02107.png,회자가김은사
./test/test_02108.png,세일
./test/test_02109.png,로
./test/test_02110.png,만원
./test/test_02111.png,이상 구매시
./test/test_02112.png,파크랜드 경점점
./test/test_02113.png,스튜디오
./test/test_02114.png,뮤즈빌리민디화회
./test/test_02115.png,광주지부
./test/test_02116.png,베이비
./test/test_02117.png,플래넷
./test/test_02118.png,이로운
./test/test_02119.png,아이스
./test/test_02120.png,커피가
./test/test_02121.png,냉긴다
./test/test_02122.png,베이커리까페
./test/test_02123.png,도시다
./test/test_02124.png,수제버거전문
./test/test_02125.png,마드레스터거
./test/test_02126.png,이안과
./test/test_02127.png,스윗드림
./test/test_02128.png,디저트카페
./test/test_02129.png,이강모
./test/test_02130.png,경
./test/test_02131.png,낙지카레
./test/test_02132.png,취임
./test/test_02133.png,축
./test/test_02134.png,국
./test/test_02135.png,선
./test/test_02136.png,색
./test/test_02137.png,발은약국
./test/test_02138.png,돈과
./test/test_02139.png,관련된
./test/test_02140.png,골뱅이소된
./test/test_02141.png,보우유일리
./test/test_02142.png,입업
./test/test_02143.png,클래스
./test/test_02144.png,코어
./test/test_02145.png,복근
./test/test_02146.png,그룹수업
./test/test_02147.png,필라테스
./test/test_02148.png,요가
./test/test_02149.png,판
./test/test_02150.png,렌
./test/test_02151.png,즈
./test/test_02152.png,더베스턴
./test/test_02153.png,영어
./test/test_02154.png,비트
./test/test_02155.png,전연점
./test/test_02156.png,전문시술업소
./test/test_02157.png,디바인
./test/test_02158.png,영어학원
./test/test_02159.png,입  마스터
./test/test_02160.png,만화
./test/test_02161.png,웹투
./test/test_02162.png,파스타
./test/test_02163.png,커피
./test/test_02164.png,위드와싱생부티
./test/test_02165.png,메리스웨이프르
./test/test_02166.png,생딸기우유
./test/test_02167.png,오리지는가가수있  
./test/test_02168.png,커피밀크티
./test/test_02169.png,전연휴당밀크티
./test/test_02170.png,아이스아메래카노
./test/test_02171.png,초코스무디
./test/test_02172.png,레몬에이드
./test/test_02173.png,망고에이드
./test/test_02174.png,아이스크림
./test/test_02175.png,주차장 요금인나
./test/test_02176.png,에이티원
./test/test_02177.png,찢은 먹테
./test/test_02178.png,우라이드 들
./test/test_02179.png,에니연순살치킨
./test/test_02180.png,볶음면
./test/test_02181.png,유터
./test/test_02182.png,아쉬탕가
./test/test_02183.png,살린요가
./test/test_02184.png,국악 교미인호
./test/test_02185.png,청결한
./test/test_02186.png,카제원
./test/test_02187.png,무단투가
./test/test_02188.png,설원지
./test/test_02189.png,나드라
./test/test_02190.png,타이어
./test/test_02191.png,해전옥
./test/test_02192.png,치킨의명가
./test/test_02193.png,금연 강패인
./test/test_02194.png,용인예총
./test/test_02195.png,고등학교
./test/test_02197.png,유가네답갈비
./test/test_02198.png,올리브피아노
./test/test_02199.png,음악학원
./test/test_02200.png,고우개
./test/test_02201.png,정우경화화실
./test/test_02202.png,동카
./test/test_02203.png,렌트카
./test/test_02204.png,탑골리닝
./test/test_02205.png,분양
./test/test_02206.png,필라테스
./test/test_02207.png,십오야
./test/test_02208.png,단골팥
./test/test_02209.png,홍천전
./test/test_02210.png,병구네 야지개
./test/test_02211.png,빵
./test/test_02212.png,튀겨유
./test/test_02213.png,중국요리
./test/test_02214.png,백과사전
./test/test_02215.png,몸의 인지과학
./test/test_02216.png,하면
./test/test_02217.png,좋습니까
./test/test_02218.png,행복은
./test/test_02219.png,누가
./test/test_02220.png,결재해주나요
./test/test_02221.png,영화
./test/test_02222.png,돕다
./test/test_02223.png,함께하는
./test/test_02224.png,긍정
./test/test_02225.png,일다은국국업
./test/test_02226.png,울지 않은 이
./test/test_02227.png,날마다 조금씩
./test/test_02228.png,자라는 아이들
./test/test_02229.png,천경호 지음
./test/test_02230.png,마을 학교
./test/test_02231.png,미친
./test/test_02232.png,암기력
./test/test_02233.png,보도자료
./test/test_02234.png,필살기
./test/test_02235.png,현직 가자가 본
./test/test_02236.png,저널리즘의
./test/test_02237.png,기본원칙
./test/test_02238.png,지도로
./test/test_02239.png,보는
./test/test_02240.png,세계분쟁
./test/test_02241.png,미래
./test/test_02242.png,학교
./test/test_02243.png,왕자의 이업
./test/test_02244.png,졸천감니다
./test/test_02245.png,우리 걸혼요요
./test/test_02246.png,존대 바곤곡   인
./test/test_02247.png,성공 레시
./test/test_02248.png,결혼
./test/test_02249.png,의
./test/test_02250.png,종말
./test/test_02251.png,데이터에 근기한
./test/test_02252.png,미래예측
./test/test_02253.png,미래예측
./test/test_02254.png,그치지 않
./test/test_02255.png,비는 없다
./test/test_02256.png,오성삼 지음
./test/test_02257.png,보육
./test/test_02258.png,실습
./test/test_02259.png,지도
./test/test_02260.png,수학을 못하는
./test/test_02261.png,아이는 없다
./test/test_02262.png,디지털
./test/test_02263.png,원주민
./test/test_02264.png,키우개
./test/test_02265.png,교실 속 은 사회
./test/test_02266.png,경제교육
./test/test_02267.png,프로젝트
./test/test_02268.png,두렵지 않은
./test/test_02269.png,코딩
./test/test_02270.png,교육
./test/test_02271.png,개구리
./test/test_02272.png,먹어라
./test/test_02273.png,를
./test/test_02274.png,저널리즘의
./test/test_02275.png,기본원칙
./test/test_02276.png,아내
./test/test_02277.png,가뭄
./test/test_02278.png,코리아
./test/test_02279.png,아젠다
./test/test_02280.png,그랜드
./test/test_02281.png,디자인
./test/test_02282.png,미래
./test/test_02283.png,학교
./test/test_02284.png,영원한
./test/test_02285.png,없다
./test/test_02286.png,권력은
./test/test_02287.png,마을고육
./test/test_02288.png,공동체
./test/test_02289.png,나중에온
./test/test_02290.png,이사람에계도
./test/test_02291.png,인생
./test/test_02292.png,교과서
./test/test_02293.png,경계에
./test/test_02294.png,흐르다
./test/test_02295.png,일이
./test/test_02296.png,나를 아프게
./test/test_02297.png,할 때
./test/test_02298.png,지식의
./test/test_02299.png,대융합
./test/test_02300.png,치유의
./test/test_02301.png,인문학
./test/test_02302.png,국가란
./test/test_02303.png,무엇인가
./test/test_02304.png,생각하는
./test/test_02305.png,여자는
./test/test_02306.png,위험하다
./test/test_02307.png,탈무드
./test/test_02308.png,채근 
./test/test_02309.png,문학사의
./test/test_02310.png,라이벌 의식
./test/test_02311.png,우리는
./test/test_02312.png,언젠가
./test/test_02313.png,죽는다
./test/test_02314.png,위대한
./test/test_02315.png,식재료
./test/test_02316.png,종교
./test/test_02317.png,전쟁
./test/test_02318.png,일
./test/test_02319.png,침
./test/test_02320.png,우리 그생동한할교고
./test/test_02321.png,싶습나다
./test/test_02322.png,대 남자
./test/test_02323.png,슬주  레디테
./test/test_02324.png,여자애
./test/test_02325.png,춘동아렌업자
./test/test_02326.png,제목 리시시센만나다다다
./test/test_02327.png,페미니즘
./test/test_02328.png,국제론
./test/test_02329.png,전화제 속태 달긴
./test/test_02330.png,일본의 구구
./test/test_02331.png,화려한 준주
./test/test_02332.png,근대일본본 원과
./test/test_02333.png,국가의레
./test/test_02334.png,법의
./test/test_02335.png,이해
./test/test_02336.png,스페인 중무무  역사
./test/test_02337.png,동양설화
./test/test_02338.png,다문화 시의의
./test/test_02339.png,식생활문화
./test/test_02340.png,이해
./test/test_02341.png,누가
./test/test_02342.png,학교폭력 실걸
./test/test_02343.png,가로막는가
./test/test_02344.png,눕기의
./test/test_02345.png,기술
./test/test_02346.png,커미업쇼트
./test/test_02347.png,불확실만 사에  인인
./test/test_02348.png,모미 업는  도  아는아
./test/test_02349.png,대통령의
./test/test_02350.png,시간
./test/test_02351.png,더 프트
./test/test_02352.png,재능이 없다고
./test/test_02353.png,생다하는 답신센제자
./test/test_02354.png,근현대 전쟁사
./test/test_02355.png,찰스  전드 라  
./test/test_02356.png,강창부 옮김
./test/test_02357.png,내 삶의
./test/test_02358.png,의미는
./test/test_02359.png,무엇인가
./test/test_02360.png,어떤
./test/test_02361.png,청소년
./test/test_02362.png,통일사전
./test/test_02363.png,정치사기 과
./test/test_02364.png,세금도들들
./test/test_02365.png,통일대박
./test/test_02366.png,보수와
./test/test_02367.png,진보의
./test/test_02368.png,세상은
./test/test_02369.png,저절로
./test/test_02370.png,좋아지지
./test/test_02371.png,않는 
./test/test_02372.png,라피끄
./test/test_02373.png,정당의
./test/test_02374.png,생명력
./test/test_02375.png,개인 국국가
./test/test_02376.png,의심의
./test/test_02377.png,정치학
./test/test_02378.png,근대영국현정
./test/test_02379.png,간섭의 탄생
./test/test_02380.png,평화의 급
./test/test_02381.png,비밀커제
./test/test_02382.png,노무현의
./test/test_02383.png,없다
./test/test_02384.png,나는
./test/test_02385.png,대한민국
./test/test_02386.png,청와대정정부
./test/test_02387.png,내가 스천 역사들
./test/test_02388.png,당신은
./test/test_02389.png,다르다
./test/test_02390.png,한국 인족주의의
./test/test_02391.png,한국의 좌파
./test/test_02392.png,구원과 밀매
./test/test_02393.png,대한민국
./test/test_02394.png,시니어
./test/test_02395.png,올닷
./test/test_02396.png,은퇴상담
./test/test_02397.png,신
./test/test_02398.png,들의
./test/test_02399.png,정치학의
./test/test_02400.png,이해
./test/test_02401.png,푸코 효과
./test/test_02402.png,네가 나라다
./test/test_02403.png,우충좌돌
./test/test_02404.png,유아수학교육
./test/test_02405.png,유아고육평명의  알혜
./test/test_02406.png,영유아 수
./test/test_02407.png,초등
./test/test_02408.png,영어문자지도
./test/test_02409.png,과학 교육
./test/test_02410.png,세상에서 가장
./test/test_02411.png,행복한
./test/test_02412.png,아이들은
./test/test_02413.png,유아 생활자도
./test/test_02414.png,유아기
./test/test_02415.png,발전교육
./test/test_02416.png,유아교육
./test/test_02417.png,음악창짝
./test/test_02418.png,엄마가
./test/test_02419.png,유아사회교육의
./test/test_02420.png,이론과 실제
./test/test_02421.png,유아국악지도
./test/test_02422.png,방법론
./test/test_02423.png,유아 동작교육
./test/test_02424.png,영유아 건강교을
./test/test_02425.png,교과교재
./test/test_02426.png,연구 
./test/test_02427.png,지도법
./test/test_02428.png,유아교육사상사
./test/test_02429.png,엄마필
./test/test_02430.png,유아
./test/test_02431.png,문학론
./test/test_02432.png,아동건강
./test/test_02433.png,영유아 프로그그
./test/test_02434.png,자유선택활동
./test/test_02435.png,바로 알기
./test/test_02436.png,함께 우우는
./test/test_02437.png,신육아론
./test/test_02438.png,영어
./test/test_02439.png,운영관리
./test/test_02440.png,유아
./test/test_02441.png,리더십육육의
./test/test_02442.png,유아
./test/test_02443.png,혼합연령
./test/test_02444.png,프로그램
./test/test_02445.png,유아 수학교육
./test/test_02446.png,유아교육
./test/test_02447.png,개론
./test/test_02448.png,유아교육기관의
./test/test_02449.png,환경구성
./test/test_02450.png,명문대
./test/test_02451.png,합격
./test/test_02452.png,글쓰기
./test/test_02453.png,초등 영어
./test/test_02454.png,읽기 쓰지도도
./test/test_02455.png,엄마가세세은는
./test/test_02456.png,대학입시
./test/test_02457.png,학종
./test/test_02458.png,손자병법
./test/test_02459.png,대입은
./test/test_02460.png,전략이다
./test/test_02461.png,대학
./test/test_02462.png,구술면접
./test/test_02463.png,보대전
./test/test_02464.png,스프링 타일
./test/test_02465.png,불안 위에서
./test/test_02466.png,서핑하기
./test/test_02467.png,나의
./test/test_02468.png,직업
./test/test_02469.png,우리의
./test/test_02470.png,미래
./test/test_02471.png,영어
./test/test_02472.png,가르처라
./test/test_02473.png,여대생
./test/test_02474.png,공부하라
./test/test_02475.png,가지 법법
./test/test_02476.png,새로운
./test/test_02477.png,대학을
./test/test_02478.png,말하다
./test/test_02479.png,기인가의발음
./test/test_02480.png,괴물이
./test/test_02481.png,대학
./test/test_02482.png,공부의배사
./test/test_02483.png,빛과 그늘
./test/test_02484.png,아이비리그의
./test/test_02485.png,유럽연합의
./test/test_02486.png,대학개형
./test/test_02487.png,영어교육
./test/test_02488.png,따라하기
./test/test_02489.png,나븐
./test/test_02490.png,내가
./test/test_02491.png,왜
./test/test_02492.png,대학에 않지
./test/test_02493.png,지금
./test/test_02494.png,법대
./test/test_02495.png,명문대로
./test/test_02496.png,국어
./test/test_02497.png,자기주모학수
./test/test_02498.png,지도 전략
./test/test_02499.png,학생부
./test/test_02500.png,종합전형의
./test/test_02501.png,모든 것
./test/test_02502.png,서울대
./test/test_02503.png,합격생
./test/test_02504.png,미술대학
./test/test_02505.png,비실기 전형
./test/test_02506.png,완벽 가이드보
./test/test_02507.png,진짜
./test/test_02508.png,입시전락
./test/test_02509.png,진학비법
./test/test_02510.png,상업정보교교교
./test/test_02511.png,및 연구법
./test/test_02512.png,일본어
./test/test_02513.png,교과육육의
./test/test_02514.png,이론과실실
./test/test_02515.png,말하기 불안
./test/test_02516.png,어떻게 금복하는는
./test/test_02517.png,고등학교
./test/test_02518.png,교육과정
./test/test_02519.png,특권
./test/test_02520.png,초등
./test/test_02521.png,읽기능력력
./test/test_02522.png,덥든 흡은
./test/test_02523.png,비 은
./test/test_02524.png,논다
./test/test_02525.png,작품의
./test/test_02526.png,모든 것
./test/test_02527.png,교과서
./test/test_02528.png,현대
./test/test_02529.png,미술교육의
./test/test_02530.png,뿌리
./test/test_02531.png,미술 수업
./test/test_02532.png,아동미술
./test/test_02533.png,고등
./test/test_02534.png,고전
./test/test_02535.png,유패한
./test/test_02536.png,미술수업
./test/test_02537.png,매뉴얼
./test/test_02538.png,입체 조보실기
./test/test_02539.png,수업 살
./test/test_02540.png,살아 있는  동 식
./test/test_02541.png,초등수학 분수
./test/test_02542.png,이렇게 가처라
./test/test_02543.png,수학시시에
./test/test_02544.png,놀이하자
./test/test_02545.png,우리
./test/test_02546.png,아이
./test/test_02547.png,초등맘
./test/test_02548.png,교육활동
./test/test_02549.png,교실속
./test/test_02550.png,생태 환경
./test/test_02551.png,학습자중심교육
./test/test_02552.png,진짜
./test/test_02553.png,공부를 하다
./test/test_02554.png,뉴 리러러시
./test/test_02555.png,교실
./test/test_02556.png,밖의
./test/test_02557.png,화내지
./test/test_02558.png,않고
./test/test_02559.png,방과후
./test/test_02560.png,아동지도
./test/test_02561.png,참사랑
./test/test_02562.png,자라는
./test/test_02563.png,땀으로
./test/test_02564.png,아이들
./test/test_02565.png,그림책
./test/test_02566.png,학급운영
./test/test_02567.png,한 권로로 내내는
./test/test_02568.png,초등 공부
./test/test_02569.png,서머일
./test/test_02570.png,우리아아
./test/test_02571.png,초등 교육
./test/test_02572.png,대백과
./test/test_02573.png,영원한
./test/test_02574.png,사람
./test/test_02575.png,십자가와
./test/test_02576.png,초승달
./test/test_02577.png,내가
./test/test_02578.png,왕바리새인
./test/test_02579.png,입니다
./test/test_02580.png,세계종교의
./test/test_02581.png,조건이린
./test/test_02582.png,무엇인가
./test/test_02583.png,한국교회회
./test/test_02584.png,이미와 아직
./test/test_02585.png,사이에서
./test/test_02586.png,예수를 만나다
./test/test_02587.png,한 권으로 는는
./test/test_02588.png,이야기 창제
./test/test_02589.png,경계선
./test/test_02590.png,위에서
./test/test_02591.png,그리스도에서센  인
./test/test_02592.png,내가그리리스 안인
./test/test_02593.png,사람차
./test/test_02594.png,그대이게
./test/test_02595.png,법두 인 수
./test/test_02596.png,날
./test/test_02597.png,견
./test/test_02598.png,손
./test/test_02599.png,교리신학 연구
./test/test_02600.png,철인
./test/test_02601.png,신의 그림자
./test/test_02602.png,무의식의 신화
./test/test_02603.png,나에게로
./test/test_02604.png,가는 길
./test/test_02605.png,파라 모사
./test/test_02606.png,팀 켈러
./test/test_02607.png,고통에
./test/test_02608.png,답하다
./test/test_02609.png,고
./test/test_02610.png,백
./test/test_02611.png,이것이
./test/test_02612.png,복음이다
./test/test_02613.png,예수제서
./test/test_02614.png,말씀하시길
./test/test_02615.png,오소저 김검한력 
./test/test_02616.png,친구
./test/test_02617.png,보
./test/test_02618.png,이지
./test/test_02619.png,않는 세계
./test/test_02620.png,행
./test/test_02621.png,복
./test/test_02622.png,법률 스님의
./test/test_02623.png,성경 역사 의
./test/test_02624.png,고대
./test/test_02625.png,제국
./test/test_02626.png,존 비헤의의
./test/test_02627.png,결혼
./test/test_02628.png,도전
./test/test_02629.png,성경
./test/test_02630.png,독
./test/test_02631.png,내 마음
./test/test_02632.png,아버지께로
./test/test_02633.png,말씀 역에는아로가  는는
./test/test_02634.png,엄마표
./test/test_02635.png,신앙교육
./test/test_02636.png,질문하는
./test/test_02637.png,바이블
./test/test_02638.png,폴임 다음
./test/test_02639.png,번거벗은
./test/test_02640.png,그리스도인
./test/test_02641.png,탄탄통독
./test/test_02642.png,일
./test/test_02643.png,나의 콘
./test/test_02644.png,바다
./test/test_02645.png,여자
./test/test_02646.png,그리스도인로로로
./test/test_02647.png,살아가기
./test/test_02648.png,이름
./test/test_02649.png,없어도
./test/test_02650.png,괜찮아
./test/test_02651.png,햄
./test/test_02652.png,복
./test/test_02653.png,선언
./test/test_02654.png,은혜받는
./test/test_02655.png,습관
./test/test_02656.png,로마서 주석
./test/test_02657.png,지금
./test/test_02658.png,행복하세요
./test/test_02659.png,결혼을
./test/test_02660.png,기다리는
./test/test_02661.png,사람들
./test/test_02662.png,기쁨의
./test/test_02663.png,영성
./test/test_02664.png,조곧건 교수가가 요있
./test/test_02665.png,우리말 속  금장
./test/test_02666.png,손내른본살 본본
./test/test_02667.png,맥스 루케이모의
./test/test_02668.png,예수의 유산
./test/test_02669.png,읽기만 해도 할말는
./test/test_02670.png,요한계시록
./test/test_02671.png,김홍종 자음
./test/test_02672.png,위편간화협강실
./test/test_02673.png,대현 마음음
./test/test_02674.png,전례단
./test/test_02675.png,안내서
./test/test_02676.png,믿음으로
./test/test_02677.png,살라
./test/test_02678.png,암브로우무점
./test/test_02679.png,토빗 이야기
./test/test_02680.png,침묵
./test/test_02681.png,골은길길
./test/test_02682.png,왕희 부
./test/test_02683.png,천국의
./test/test_02684.png,열쇠
./test/test_02685.png,로버트 백해킨 설교릴
./test/test_02686.png,로마서
./test/test_02687.png,전호
./test/test_02688.png,반야심경
./test/test_02689.png,과
./test/test_02690.png,선공공부
./test/test_02691.png,평화
./test/test_02692.png,생태
./test/test_02693.png,이야기
./test/test_02694.png,믿는만큼
./test/test_02695.png,행동 다
./test/test_02696.png,권성수의
./test/test_02697.png,내일의
./test/test_02698.png,기름부음
./test/test_02699.png,법구경
./test/test_02700.png,신약
./test/test_02701.png,정독
./test/test_02702.png,하나님을
./test/test_02703.png,듣다
./test/test_02704.png,한을경 강가
./test/test_02705.png,거룩한
./test/test_02706.png,독서
./test/test_02707.png,하나님이 단드선 생상
./test/test_02708.png,창세기
./test/test_02709.png,명
./test/test_02710.png,상
./test/test_02711.png,내가 사금한 경
./test/test_02712.png,박희전 자서전
./test/test_02713.png,제주 의 자하수나강
./test/test_02714.png,소중한
./test/test_02715.png,나의
./test/test_02716.png,연약함
./test/test_02717.png,존 비어어의
./test/test_02718.png,끈질김
./test/test_02719.png,주역강의
./test/test_02720.png,결국에
./test/test_02721.png,믿음이 긴다
./test/test_02722.png,존 비비어의 영님님
./test/test_02723.png,방의
./test/test_02724.png,갈보리
./test/test_02725.png,언덕
./test/test_02726.png,주목함 만한 사상
./test/test_02727.png,화업청
./test/test_02728.png,영혼의
./test/test_02729.png,동반자
./test/test_02730.png,하느님을
./test/test_02731.png,기다리는
./test/test_02732.png,시간
./test/test_02733.png,본생경
./test/test_02734.png,아미타
./test/test_02735.png,오늘을
./test/test_02736.png,만족하라
./test/test_02737.png,기도
./test/test_02738.png,내려 기식
./test/test_02739.png,신학의
./test/test_02740.png,통일성
./test/test_02741.png,어둠 속을 는법
./test/test_02742.png,도코대학
./test/test_02743.png,불교학과
./test/test_02744.png,영혼의 
./test/test_02745.png,왜
./test/test_02746.png,용서해야
./test/test_02747.png,하는가
./test/test_02748.png,긍정적사교방식
./test/test_02749.png,노   센트 
./test/test_02750.png,마음을
./test/test_02751.png,천천히
./test/test_02752.png,쓰는법법
./test/test_02753.png,본론교
./test/test_02754.png,이웃종교로
./test/test_02755.png,읽다
./test/test_02756.png,동 행
./test/test_02757.png,그리스도와  서  살 
./test/test_02758.png,그래도
./test/test_02759.png,웃어보세요
./test/test_02760.png,웃는 따가 가다다
./test/test_02761.png,성경대로
./test/test_02762.png,세상살살기
./test/test_02763.png,성경의
./test/test_02764.png,지혜에서
./test/test_02765.png,배우다
./test/test_02766.png,언약
./test/test_02767.png,말씀으로 우리 길길
./test/test_02768.png,오신 하나님
./test/test_02769.png,설교학
./test/test_02770.png,한국교회의
./test/test_02771.png,표준설교학
./test/test_02772.png,무소유
./test/test_02773.png,법정스님의
./test/test_02774.png,순례길
./test/test_02775.png,팀 러러
./test/test_02776.png,기도
./test/test_02777.png,작은 수수
./test/test_02778.png,성품 교실
./test/test_02779.png,당신을 위한
./test/test_02780.png,갈라디아서
./test/test_02781.png,꼼민요만    가
./test/test_02782.png,기도의 삶
./test/test_02783.png,안식의
./test/test_02784.png,평화
./test/test_02785.png,걷는
./test/test_02786.png,곳마다
./test/test_02787.png,마음 이 피언게
./test/test_02788.png,그대와 나
./test/test_02789.png,참 은은은
./test/test_02790.png,인연입니다
./test/test_02791.png,스승
./test/test_02792.png,프란치스크
./test/test_02793.png,오늘부터
./test/test_02794.png,다시
./test/test_02795.png,기도
./test/test_02796.png,아트
./test/test_02797.png,오브
./test/test_02798.png,멘토링
./test/test_02799.png,불교성전
./test/test_02800.png,석해운 옮김
./test/test_02801.png,영한 대역
./test/test_02802.png,행복의 
./test/test_02803.png,기도
./test/test_02804.png,내려놓기
./test/test_02805.png,도마 복음의의
./test/test_02806.png,지리산스님남의
./test/test_02807.png,못말라는
./test/test_02808.png,행복 야야기
./test/test_02809.png,지르산스님님의의
./test/test_02810.png,못말리는
./test/test_02811.png,수행이야기기
./test/test_02812.png,결국엔
./test/test_02813.png,믿음이 긴다
./test/test_02814.png,너는 내 것라
./test/test_02815.png,하나님은
./test/test_02816.png,주구하다
./test/test_02817.png,약할이 길이다
./test/test_02818.png,전상의 노래
./test/test_02819.png,신솔제식식
./test/test_02820.png,전포커킨
./test/test_02821.png,길
./test/test_02822.png,의
./test/test_02823.png,진리
./test/test_02824.png,실담범자반반심경
./test/test_02825.png,얼마명상
./test/test_02826.png,국십 실 아
./test/test_02827.png,기독교신신의의
./test/test_02828.png,길잡이
./test/test_02829.png,갈아심실 리
./test/test_02830.png,아잔브람
./test/test_02831.png,행복론
./test/test_02832.png,로마
./test/test_02833.png,신화
./test/test_02834.png,서양
./test/test_02835.png,철학
./test/test_02836.png,이야기
./test/test_02837.png,정취의
./test/test_02838.png,기도
./test/test_02839.png,지름길
./test/test_02840.png,국악양원
./test/test_02841.png,우리는
./test/test_02842.png,어떻게 색로을 수는는는
./test/test_02843.png,김서령 음음
./test/test_02844.png,한국불교전설
./test/test_02845.png,불교입문
./test/test_02846.png,범대물공기업
./test/test_02847.png,중  스특수과  
./test/test_02848.png,일본의
./test/test_02849.png,정토사상
./test/test_02850.png,예주노인국수수수
./test/test_02851.png,콩마  로자자 건
./test/test_02852.png,질문이 명치지단
./test/test_02853.png,스스로 답이 다
./test/test_02854.png,원제  음
./test/test_02855.png,화업이란
./test/test_02856.png,무엇인가
./test/test_02857.png,사리
./test/test_02858.png,본가사의의 선선
./test/test_02859.png,나부끼는
./test/test_02860.png,빗발은
./test/test_02861.png,사랑이었리다
./test/test_02862.png,두뇌
./test/test_02863.png,밖으로의
./test/test_02864.png,여행행
./test/test_02865.png,신녀 타아자밥
./test/test_02866.png,도리의
./test/test_02867.png,수행이야기
./test/test_02868.png,도리 달말
./test/test_02869.png,생전예수주 단구
./test/test_02870.png,프라즈나 서서
./test/test_02871.png,원효
./test/test_02872.png,연구
./test/test_02873.png,세상을 감당하는
./test/test_02874.png,믿음의 련
./test/test_02875.png,붓다
./test/test_02876.png,자기사랑을
./test/test_02877.png,말하다
./test/test_02878.png,한안수 시연수수편
./test/test_02879.png,진과 속의눈으로
./test/test_02880.png,불교를 보다
./test/test_02881.png,내가
./test/test_02882.png,만난
./test/test_02883.png,하나님
./test/test_02884.png,쉼의 기술
./test/test_02885.png,영산재
./test/test_02886.png,아날라요 구의
./test/test_02887.png,마음행김 확립 수충
./test/test_02888.png,한국의 죽음
./test/test_02889.png,의레의식 연구
./test/test_02890.png,길
./test/test_02891.png,위의
./test/test_02892.png,학교
./test/test_02893.png,두려움
./test/test_02894.png,없는
./test/test_02895.png,마음
./test/test_02896.png,노장으로 읽는
./test/test_02897.png,선어록
./test/test_02898.png,하
./test/test_02899.png,공격적
./test/test_02900.png,책읽기
./test/test_02901.png,용수 스님의
./test/test_02902.png,코끼리
./test/test_02903.png,노장으로 읽는
./test/test_02904.png,선어록
./test/test_02905.png,상
./test/test_02906.png,추워도
./test/test_02907.png,향기를 팔지 않는
./test/test_02908.png,매화처럼
./test/test_02909.png,사랑의
./test/test_02910.png,짐검다리
./test/test_02911.png,공부
./test/test_02912.png,신심청
./test/test_02913.png,삼조승찬사사
./test/test_02914.png,바로
./test/test_02915.png,오늘입니다
./test/test_02916.png,참을 외치는
./test/test_02917.png,신흥종교들들 실실상
./test/test_02918.png,어느 정싶과 사사
./test/test_02919.png,명상 기기
./test/test_02920.png,설봉
./test/test_02921.png,어록
./test/test_02922.png,성령이 이끄는  원
./test/test_02923.png,건마 아로 자 건
./test/test_02924.png,그루터기
./test/test_02925.png,전산야의
./test/test_02926.png,위 엔수바법
./test/test_02927.png,중보관
./test/test_02928.png,중가은 교수수 
./test/test_02929.png,청림용
./test/test_02930.png,한디기발벌회
./test/test_02931.png,물주숙연태추 는는다는는
./test/test_02932.png,편
./test/test_02933.png,한국
./test/test_02934.png,호국불교의
./test/test_02935.png,재조명
./test/test_02936.png,그리스로를
./test/test_02937.png,따르리
./test/test_02938.png,김성호 음음
./test/test_02939.png,선불교
./test/test_02940.png,개설
./test/test_02941.png,아나  편지
./test/test_02942.png,내 생
./test/test_02943.png,첫
./test/test_02944.png,명상
./test/test_02945.png,전문  격호
./test/test_02946.png,업동설학
./test/test_02947.png,시골 농의의 서을 사샵식
./test/test_02948.png,김채 벤리음
./test/test_02949.png,메본음국노내
./test/test_02950.png,맛지마니시야야
./test/test_02951.png,명강가본다의 다
./test/test_02952.png,생활선의
./test/test_02953.png,열쇠
./test/test_02954.png,금강심론
./test/test_02955.png,주해
./test/test_02956.png,고대 인도 상상
./test/test_02957.png,두 통통
./test/test_02958.png,명상과 마음공부
./test/test_02959.png,오용식
./test/test_02960.png,붓다와
./test/test_02961.png,청년의
./test/test_02962.png,대화
./test/test_02963.png,시간
./test/test_02964.png,나무가 되다
./test/test_02965.png,백만원국력
./test/test_02966.png,단 미마곳을 복 터않있식
./test/test_02967.png,올바른
./test/test_02968.png,교회 용어
./test/test_02969.png,이상운 지음
./test/test_02970.png,정선
./test/test_02971.png,다가 까야야
./test/test_02972.png,우리
./test/test_02973.png,기도할까요
./test/test_02974.png,인사화집
./test/test_02975.png,칭기즈 칸
./test/test_02976.png,이곳에 잠들다
./test/test_02977.png,문명의 워기와
./test/test_02978.png,기독교의
./test/test_02979.png,새로운 대사사
./test/test_02980.png,붓다
./test/test_02981.png,삶의 품격에
./test/test_02982.png,대하여
./test/test_02983.png,브런지
./test/test_02984.png,가설
./test/test_02985.png,충전중
./test/test_02986.png,일의
./test/test_02987.png,기본기
./test/test_02988.png,대한민국
./test/test_02989.png,사는  거가다
./test/test_02990.png,일 하하는
./test/test_02991.png,사람이 가키는
./test/test_02992.png,비관
./test/test_02993.png,하는
./test/test_02994.png,힘
./test/test_02995.png,삶에 기적이
./test/test_02996.png,나답게
./test/test_02997.png,나를
./test/test_02998.png,지키며
./test/test_02999.png,마음
./test/test_03000.png,충전
./test/test_03001.png,살
./test/test_03002.png,용기
./test/test_03003.png,일하는
./test/test_03004.png,법
./test/test_03005.png,나도나나
./test/test_03006.png,모른전다
./test/test_03007.png,고민하는 힘
./test/test_03008.png,행복의
./test/test_03009.png,엔전의공링회
./test/test_03010.png,상처 주주
./test/test_03011.png,품격
./test/test_03012.png,분노수업
./test/test_03013.png,않는 다화
./test/test_03014.png,퇴근 후
./test/test_03015.png,격등점
./test/test_03016.png,비교하지 않는수태
./test/test_03017.png,글쎄
./test/test_03018.png,월요일
./test/test_03019.png,아
./test/test_03020.png,그때
./test/test_03021.png,말이야
./test/test_03022.png,아침의
./test/test_03023.png,심리학
./test/test_03024.png,너무 기기실어어
./test/test_03025.png,자기조절
./test/test_03026.png,수업
./test/test_03027.png,농으세요
./test/test_03028.png,나를
./test/test_03029.png,읽다다
./test/test_03030.png,잠깐
./test/test_03031.png,나는는
./test/test_03032.png,너를
./test/test_03033.png,생각
./test/test_03034.png,용서에 대해여
./test/test_03035.png,예의
./test/test_03036.png,바른
./test/test_03037.png,우정
./test/test_03038.png,지속의
./test/test_03039.png,만만하게
./test/test_03040.png,보이지 않는
./test/test_03041.png,나빠
./test/test_03042.png,인간
./test/test_03043.png,인간의 해해
./test/test_03044.png,그 설 읽고
./test/test_03045.png,좋아점어
./test/test_03046.png,지적인
./test/test_03047.png,낙관주의자
./test/test_03048.png,정선
./test/test_03049.png,옥민심서
./test/test_03050.png,어젯밤
./test/test_03051.png,기원
./test/test_03052.png,자기를 위실자 만
./test/test_03053.png,꿈을
./test/test_03054.png,이른다
./test/test_03055.png,낭송
./test/test_03056.png,겨몽요결
./test/test_03057.png,내 안에서
./test/test_03058.png,엄마가
./test/test_03059.png,회복탄력성
./test/test_03060.png,냉정한
./test/test_03061.png,리케
./test/test_03062.png,철학
./test/test_03063.png,미라클
./test/test_03064.png,착각
./test/test_03065.png,하는
./test/test_03066.png,우리가 지금
./test/test_03067.png,스파
./test/test_03068.png,속도를늦치다라
./test/test_03069.png,마더테라피
./test/test_03070.png,어린이들의
./test/test_03071.png,꿈해석
./test/test_03072.png,칼구스타프융
./test/test_03073.png,한입
./test/test_03074.png,철학
./test/test_03075.png,수업
./test/test_03076.png,신비로운
./test/test_03077.png,나
./test/test_03078.png,생명수업
./test/test_03079.png,프로
./test/test_03080.png,을의  말학
./test/test_03081.png,프롬
./test/test_03082.png,만의 내
./test/test_03083.png,지혜를 넘어
./test/test_03084.png,군자에 이르다
./test/test_03085.png,사랑의 고수가
./test/test_03086.png,철학은로
./test/test_03087.png,인생
./test/test_03088.png,단어
./test/test_03089.png,솔식하라라
./test/test_03090.png,에너지
./test/test_03091.png,버스
./test/test_03092.png,삶의
./test/test_03093.png,살아가 피유
./test/test_03094.png,쉬물의 사유
./test/test_03095.png,철학하는
./test/test_03096.png,망각
./test/test_03097.png,관
./test/test_03098.png,자유
./test/test_03099.png,인간의 힘
./test/test_03100.png,철학의
./test/test_03101.png,물음
./test/test_03102.png,세월호는
./test/test_03103.png,우리세게
./test/test_03104.png,노자의
./test/test_03105.png,도덕경
./test/test_03106.png,잠들기  철화 학 
./test/test_03107.png,철학은
./test/test_03108.png,좌파논어
./test/test_03109.png,천두른교국 수단
./test/test_03110.png,이글철
./test/test_03111.png,직유
./test/test_03112.png,왜냐고
./test/test_03113.png,묻지 않는 삶
./test/test_03114.png,나를 단단해하만 는는
./test/test_03115.png,니채의 말
./test/test_03116.png,를 학하다
./test/test_03117.png,고로
./test/test_03118.png,철학한다
./test/test_03119.png,철학자의
./test/test_03120.png,서재
./test/test_03121.png,웃음의
./test/test_03122.png,철학
./test/test_03123.png,서양 철학사 
./test/test_03124.png,웃음의 세보학
./test/test_03125.png,땅의 예난
./test/test_03126.png,코끼리를 삼긴
./test/test_03127.png,사물들
./test/test_03128.png,예술
./test/test_03129.png,로서의
./test/test_03130.png,삶
./test/test_03131.png,생각
./test/test_03132.png,리오타르
./test/test_03133.png,왜 철학을 하는가
./test/test_03134.png,고대철학에서
./test/test_03135.png,증세천하까자
./test/test_03136.png,철학
./test/test_03137.png,무게를
./test/test_03138.png,벗다
./test/test_03139.png,삶어집
./test/test_03140.png,손에
./test/test_03141.png,잡히는는
./test/test_03142.png,철학
./test/test_03143.png,철학
./test/test_03144.png,듣는
./test/test_03145.png,밤
./test/test_03146.png,그리워서
./test/test_03147.png,사랑이라과교 다
./test/test_03148.png,일상
./test/test_03149.png,철학
./test/test_03150.png,이미지의 은명
./test/test_03151.png,증세대르혁직회곡 
./test/test_03152.png,처음
./test/test_03153.png,만나는
./test/test_03154.png,미학
./test/test_03155.png,델량콜리 미화
./test/test_03156.png,비밀의 언어
./test/test_03157.png,세계
./test/test_03158.png,존재의
./test/test_03159.png,이해
./test/test_03160.png,형이상학
./test/test_03161.png,강의
./test/test_03162.png,한입 매일철철
./test/test_03163.png,황진규 지음
./test/test_03164.png,꿀벌과
./test/test_03165.png,철학자
./test/test_03166.png,철학 과
./test/test_03167.png,에서
./test/test_03168.png,철학이 나를
./test/test_03169.png,위로한다
./test/test_03170.png,나를
./test/test_03171.png,공부할
./test/test_03172.png,지간
./test/test_03173.png,너무 작에서서
./test/test_03174.png,잠 못 드는
./test/test_03175.png,철학 수업
./test/test_03176.png,철학이란
./test/test_03177.png,무엇입니까
./test/test_03178.png,철학의
./test/test_03179.png,오솔길
./test/test_03180.png,매니큐어
./test/test_03181.png,하는
./test/test_03182.png,남자
./test/test_03183.png,논쟁
./test/test_03184.png,철학과
./test/test_03185.png,함께한
./test/test_03186.png,일주일
./test/test_03187.png,간단
./test/test_03188.png,명쾌한
./test/test_03189.png,철학
./test/test_03190.png,옥망
./test/test_03191.png,철학
./test/test_03192.png,하라
./test/test_03193.png,세상은
./test/test_03194.png,와
./test/test_03195.png,군더더가를  
./test/test_03196.png,첫 째째철
./test/test_03197.png,철학
./test/test_03198.png,니체야 놀자
./test/test_03199.png,빛의 철학
./test/test_03200.png,소리철학
./test/test_03201.png,철학자
./test/test_03202.png,구보 시
./test/test_03203.png,세상 생각
./test/test_03204.png,철학
./test/test_03205.png,입문
./test/test_03206.png,즐거운 여름방
./test/test_03207.png,서늘한 바람이
./test/test_03208.png,알려주는 들들
./test/test_03209.png,철학상담
./test/test_03210.png,김광석과
./test/test_03211.png,철학하가
./test/test_03212.png,철학의
./test/test_03213.png,기초
./test/test_03214.png,손으로
./test/test_03215.png,생각하기
./test/test_03216.png,철학을
./test/test_03217.png,담은
./test/test_03218.png,그림
./test/test_03219.png,생각의 지도
./test/test_03220.png,진중권의 철학 세세
./test/test_03221.png,왜냐고
./test/test_03222.png,묻지 않는 삶
./test/test_03223.png,가운 나마
./test/test_03224.png,읽는 책
./test/test_03225.png,하버드
./test/test_03226.png,철학수업
./test/test_03227.png,철학은 별이다
./test/test_03228.png,철학의 발견
./test/test_03229.png,의심의
./test/test_03230.png,철학
./test/test_03231.png,예니 속에달 아
./test/test_03232.png,철학자의
./test/test_03233.png,사유여행
./test/test_03234.png,철학 한한문문
./test/test_03235.png,철학이
./test/test_03236.png,있는
./test/test_03237.png,도시
./test/test_03238.png,철학을
./test/test_03239.png,사용하는 법
./test/test_03240.png,이유
./test/test_03241.png,살아가
./test/test_03242.png,그범에도  로그
./test/test_03243.png,철학이라
./test/test_03244.png,할 만할
./test/test_03245.png,것
./test/test_03246.png,정원에서
./test/test_03247.png,철학을
./test/test_03248.png,만나다
./test/test_03249.png,서산 정적해 협협집
./test/test_03250.png,진리와 그 변봇
./test/test_03251.png,길을
./test/test_03252.png,묻는
./test/test_03253.png,철학자
./test/test_03254.png,진리와
./test/test_03255.png,진리가
./test/test_03256.png,다툼다면
./test/test_03257.png,라카의
./test/test_03258.png,사랑
./test/test_03259.png,우리는 매일
./test/test_03260.png,슬픔한 조을을
./test/test_03261.png,삼키다
./test/test_03262.png,행복한
./test/test_03263.png,인생길
./test/test_03264.png,철학 연습
./test/test_03265.png,삶의
./test/test_03266.png,기술
./test/test_03267.png,사전
./test/test_03268.png,고독의
./test/test_03269.png,매뉴얼
./test/test_03270.png,라 
./test/test_03271.png,사랑
./test/test_03272.png,바나야
./test/test_03273.png,괴로운 날앤
./test/test_03274.png,요펜하우배
./test/test_03275.png,비참한 날엔
./test/test_03276.png,스피노자
./test/test_03277.png,꿈
./test/test_03278.png,이란
./test/test_03279.png,동양의 논라는
./test/test_03280.png,어디애 있는가
./test/test_03281.png,포스트피
./test/test_03282.png,자유의자
./test/test_03283.png,지식애
./test/test_03284.png,자유론
./test/test_03285.png,김형철육
./test/test_03286.png,해석의 잘등
./test/test_03287.png,플리리
./test/test_03288.png,양명수 옮김
./test/test_03289.png,시간의
./test/test_03290.png,순레자
./test/test_03291.png,사랑하는 사람과
./test/test_03292.png,저녁 식탁에
./test/test_03293.png,죽음을 이야하  다
./test/test_03294.png,국음음
./test/test_03295.png,모비명
./test/test_03296.png,나의 눈
./test/test_03297.png,의식의
./test/test_03298.png,기원
./test/test_03299.png,인간이라
./test/test_03300.png,무엇인가
./test/test_03301.png,인간과공공간
./test/test_03302.png,초생명
./test/test_03303.png,공동체
./test/test_03304.png,호모 예티쿠스
./test/test_03305.png,윤리적 인간의  상
./test/test_03306.png,시간
./test/test_03307.png,추적자들
./test/test_03308.png,갈라파고스로 
./test/test_03309.png,철학자
./test/test_03310.png,현대
./test/test_03311.png,독일
./test/test_03312.png,미학
./test/test_03313.png,수리는구얼업습
./test/test_03314.png,아름다운의
./test/test_03315.png,구저
./test/test_03316.png,여기에
./test/test_03317.png,와비사비
./test/test_03318.png,우리 
./test/test_03319.png,미학
./test/test_03320.png,산책
./test/test_03321.png,아름다움이반
./test/test_03322.png,무엇인가
./test/test_03323.png,콩  식장의
./test/test_03324.png,미를
./test/test_03325.png,욕망하는
./test/test_03326.png,생명
./test/test_03327.png,서양미학사
./test/test_03328.png,상징의 미물
./test/test_03329.png,내용 없는는
./test/test_03330.png,로봇
./test/test_03331.png,사당들
./test/test_03332.png,할까
./test/test_03333.png,이토록
./test/test_03334.png,철학적인
./test/test_03335.png,순간
./test/test_03336.png,잠자기 전
./test/test_03337.png,분독서
./test/test_03338.png,편견과
./test/test_03339.png,싸우는
./test/test_03340.png,박물관
./test/test_03341.png,박물관
./test/test_03342.png,여
./test/test_03343.png,해
./test/test_03344.png,박물관의 탄생
./test/test_03345.png,중
./test/test_03346.png,독서습관
./test/test_03347.png,박물관
./test/test_03348.png,이론
./test/test_03349.png,입문
./test/test_03350.png,하이디
./test/test_03351.png,그림책
./test/test_03352.png,골라주는
./test/test_03353.png,엄마
./test/test_03354.png,박물관으로
./test/test_03355.png,만나는는 는
./test/test_03356.png,몽골
./test/test_03357.png,십대를 위한
./test/test_03358.png,진로람석 워크북
./test/test_03359.png,유리는 타면 철학사아 사
./test/test_03360.png,예쌀손아  자  원
./test/test_03361.png,컴홀만드  리래도건
./test/test_03362.png,덕히는자
./test/test_03363.png,에대한예의원
./test/test_03364.png,마르크스
./test/test_03365.png,서울에 오다
./test/test_03366.png,차한잔
./test/test_03367.png,인문학
./test/test_03368.png,회
./test/test_03369.png,만년필
./test/test_03370.png,탐심
./test/test_03371.png,루돌프 코는
./test/test_03372.png,정말 놀라운코코
./test/test_03373.png,일본
./test/test_03374.png,동남아시아
./test/test_03375.png,파
./test/test_03376.png,황옥주 아비마밀집
./test/test_03377.png,길 살로기
./test/test_03378.png,허상
./test/test_03379.png,제트코노미
./test/test_03380.png,아프지만
./test/test_03381.png,책을
./test/test_03382.png,읽었습니다
./test/test_03383.png,철학
./test/test_03384.png,하기
./test/test_03385.png,사회적 조재의
./test/test_03386.png,존재론
./test/test_03387.png,매달린
./test/test_03388.png,절벽에서
./test/test_03389.png,자유의자
./test/test_03390.png,이것이
./test/test_03391.png,모든 을
./test/test_03392.png,설명할 것이다
./test/test_03393.png,풍경이
./test/test_03394.png,온다
./test/test_03395.png,설민석의
./test/test_03396.png,적임읽어랜립니다
./test/test_03397.png,나를 위한
./test/test_03398.png,교양 수업
./test/test_03399.png,질투하라
./test/test_03400.png,아이돌을
./test/test_03401.png,인문하다
./test/test_03402.png,세상의 모든 교양
./test/test_03403.png,미술이 묻고
./test/test_03404.png,고전이 답하다
./test/test_03405.png,사들점
./test/test_03406.png,책늘
./test/test_03407.png,인문학
./test/test_03408.png,서바이벌
./test/test_03409.png,다시
./test/test_03410.png,책은
./test/test_03411.png,도끼다
./test/test_03412.png,타자와나나
./test/test_03413.png,숨겨진 진실
./test/test_03414.png,미래에
./test/test_03415.png,답하다
./test/test_03416.png,나는
./test/test_03417.png,누구인가
./test/test_03418.png,매니큐어
./test/test_03419.png,하는
./test/test_03420.png,남자
./test/test_03421.png,눈먼
./test/test_03422.png,종교를
./test/test_03423.png,위한
./test/test_03424.png,김경잡의
./test/test_03425.png,통찰력
./test/test_03426.png,강의
./test/test_03427.png,세상을
./test/test_03428.png,바꾼
./test/test_03429.png,질문들
./test/test_03430.png,메스를 
./test/test_03431.png,인문학
./test/test_03432.png,필링의
./test/test_03433.png,인문학
./test/test_03434.png,철학
./test/test_03435.png,개험어
./test/test_03436.png,융합
./test/test_03437.png,인문학
./test/test_03438.png,유럽
./test/test_03439.png,인문
./test/test_03440.png,산책
./test/test_03441.png,인문학과
./test/test_03442.png,실용의
./test/test_03443.png,경계를
./test/test_03444.png,세기
./test/test_03445.png,청소년
./test/test_03446.png,인문학
./test/test_03447.png,이어령의
./test/test_03448.png,보자기
./test/test_03449.png,인문학
./test/test_03450.png,밥 역여주는
./test/test_03451.png,인문학
./test/test_03452.png,트렌드
./test/test_03453.png,인문학
./test/test_03454.png,테크노
./test/test_03455.png,인문학
./test/test_03456.png,철학학
./test/test_03457.png,물음
./test/test_03458.png,생각을
./test/test_03459.png,세우는
./test/test_03460.png,생각들
./test/test_03461.png,마음의
./test/test_03462.png,서재
./test/test_03463.png,시크
./test/test_03464.png,하다
./test/test_03465.png,동화
./test/test_03466.png,넘어
./test/test_03467.png,인문학
./test/test_03468.png,시민의교양
./test/test_03469.png,교실밖
./test/test_03470.png,인문학
./test/test_03471.png,한 권으로
./test/test_03472.png,백 권일기
./test/test_03473.png,치유의
./test/test_03474.png,인문학
./test/test_03475.png,위험한
./test/test_03476.png,시대의
./test/test_03477.png,질문들
./test/test_03478.png,아날로그로
./test/test_03479.png,살아보기
./test/test_03480.png,시간의
./test/test_03481.png,향기
./test/test_03482.png,지식의
./test/test_03483.png,재발견
./test/test_03484.png,사랑한다
./test/test_03485.png,평평한
./test/test_03486.png,지구
./test/test_03487.png,궁금해요
./test/test_03488.png,스마트러닝
./test/test_03489.png,논쟁
./test/test_03490.png,당신은
./test/test_03491.png,지루함이
./test/test_03492.png,필요하다
./test/test_03493.png,에로스의
./test/test_03494.png,종말
./test/test_03495.png,의미의
./test/test_03496.png,숲
./test/test_03497.png,벌거벗은
./test/test_03498.png,철학자
./test/test_03499.png,인간
./test/test_03500.png,걸어 다니는
./test/test_03501.png,철학
./test/test_03502.png,낙관하지
./test/test_03503.png,않는
./test/test_03504.png,희망
./test/test_03505.png,액트 보
./test/test_03506.png,건시어스니스
./test/test_03507.png,현대
./test/test_03508.png,독일
./test/test_03509.png,미학
./test/test_03510.png,미학
./test/test_03511.png,산책
./test/test_03512.png,예술
./test/test_03513.png,로서의
./test/test_03514.png,삶
./test/test_03515.png,빈선트의
./test/test_03516.png,구두
./test/test_03517.png,왜
./test/test_03518.png,우울한가
./test/test_03519.png,철학이라
./test/test_03520.png,할 만한
./test/test_03521.png,것
./test/test_03522.png,심야
./test/test_03523.png,라디오
./test/test_03524.png,정원에서
./test/test_03525.png,철학을
./test/test_03526.png,만나다
./test/test_03527.png,길을
./test/test_03528.png,묻는
./test/test_03529.png,철학자
./test/test_03530.png,심슨 가족이
./test/test_03531.png,사는법법
./test/test_03532.png,진리와
./test/test_03533.png,진리가
./test/test_03534.png,다른 따
./test/test_03535.png,언어와
./test/test_03536.png,차이로
./test/test_03537.png,만든 세계계
./test/test_03538.png,니체와
./test/test_03539.png,장자는
./test/test_03540.png,라카의
./test/test_03541.png,사랑
./test/test_03542.png,의심의
./test/test_03543.png,철학
./test/test_03544.png,나를
./test/test_03545.png,만나는
./test/test_03546.png,시간
./test/test_03547.png,철학 한한문문
./test/test_03548.png,철학이
./test/test_03549.png,있는
./test/test_03550.png,도시
./test/test_03551.png,손으로
./test/test_03552.png,생각하기
./test/test_03553.png,불확실한 날의의
./test/test_03554.png,철학
./test/test_03555.png,탁월한
./test/test_03556.png,사유의
./test/test_03557.png,시선
./test/test_03558.png,하버드
./test/test_03559.png,철학수업
./test/test_03560.png,작가를
./test/test_03561.png,만나다
./test/test_03562.png,삶의 품력에
./test/test_03563.png,대하여
./test/test_03564.png,철학을
./test/test_03565.png,담은
./test/test_03566.png,그림
./test/test_03567.png,왜냐고
./test/test_03568.png,묻지 않는 삶
./test/test_03569.png,가운 아은
./test/test_03570.png,읽는 책
./test/test_03571.png,나는
./test/test_03572.png,착각일
./test/test_03573.png,뿐이다
./test/test_03574.png,타자의
./test/test_03575.png,추방
./test/test_03576.png,생각
./test/test_03577.png,연습
./test/test_03579.png,꿀벌과
./test/test_03580.png,철학자
./test/test_03581.png,철학
./test/test_03582.png,하라
./test/test_03583.png,세상은
./test/test_03584.png,왜
./test/test_03585.png,철학
./test/test_03586.png,철학
./test/test_03587.png,수업
./test/test_03588.png,삶은
./test/test_03589.png,어떻게
./test/test_03590.png,사설의 테의
./test/test_03591.png,동양과 서양이
./test/test_03592.png,편지를 쓰다
./test/test_03593.png,철학가게
./test/test_03594.png,시대를
./test/test_03595.png,매혹한
./test/test_03596.png,철학
./test/test_03597.png,무기가
./test/test_03598.png,되는가
./test/test_03599.png,철학과
./test/test_03600.png,함께함
./test/test_03601.png,일주일
./test/test_03602.png,세상
./test/test_03603.png,끝의카카
./test/test_03604.png,아니또
./test/test_03605.png,어때
./test/test_03606.png,알냉드보토
./test/test_03607.png,철학의 위아
./test/test_03608.png,철학이란
./test/test_03609.png,무엇인가
./test/test_03610.png,일상에서
./test/test_03611.png,이성의 역사
./test/test_03612.png,고통받는
./test/test_03613.png,몸
./test/test_03614.png,포스트피
./test/test_03615.png,피에르 라비의
./test/test_03616.png,자발적 보화원
./test/test_03617.png,허공의
./test/test_03618.png,놀라운
./test/test_03619.png,비밀
./test/test_03620.png,우리는
./test/test_03621.png,왜 죽어야
./test/test_03622.png,하나요
./test/test_03623.png,시간
./test/test_03624.png,여행
./test/test_03625.png,지루하고도 유한
./test/test_03626.png,시간의 철학
./test/test_03627.png,생각은
./test/test_03628.png,흰이 세다
./test/test_03629.png,가볍게 읽는
./test/test_03630.png,시간
./test/test_03631.png,인문학
./test/test_03632.png,시간의
./test/test_03633.png,순례자
./test/test_03634.png,국음음
./test/test_03635.png,괴로운 날반
./test/test_03636.png,요펜하우배
./test/test_03637.png,극복대상으로서
./test/test_03638.png,육망
./test/test_03639.png,우울한 날앤
./test/test_03640.png,니체
./test/test_03641.png,비참한 날먼
./test/test_03642.png,스피노자
./test/test_03643.png,스피노자와
./test/test_03644.png,표현 전제
./test/test_03645.png,미치광이
./test/test_03646.png,루저
./test/test_03647.png,찌질이
./test/test_03648.png,여성
./test/test_03649.png,철학자
./test/test_03650.png,유럽
./test/test_03651.png,사상자
./test/test_03652.png,산책
./test/test_03653.png,철학
./test/test_03654.png,입문
./test/test_03655.png,철학자 전전
./test/test_03656.png,만화로보보는
./test/test_03657.png,지상 대대
./test/test_03658.png,철학사
./test/test_03659.png,푸코의 미학
./test/test_03660.png,살과예술사이쌀사
./test/test_03661.png,처음
./test/test_03662.png,만나는
./test/test_03663.png,미학
./test/test_03664.png,예감에
./test/test_03665.png,가득 한
./test/test_03666.png,숲 그늘
./test/test_03667.png,모바일 포렌스
./test/test_03668.png,손으로 음당며다
./test/test_03669.png,배우는
./test/test_03670.png,생활 보한 것드
./test/test_03671.png,모바일
./test/test_03672.png,클라우드
./test/test_03673.png,보안안
